date,entity_id,metric_name,primary_value,comparison_value,volume,defect_rate_pct,automation_minutes_saved,quality_score,priority_score
2026-01-01,ENT001,activation_rate,251,238,537,11.91,100,67,49
2026-01-01,ENT002,retention_rate,192,186,4555,4.01,164,88,31
2026-01-01,ENT003,activation_rate,149,131,5900,5,232,87,45
2026-01-01,ENT004,service_cost,253,243,8654,9.59,159,73,50
2026-01-01,ENT005,activation_rate,196,229,1483,8.19,139,78,60
2026-01-01,ENT006,service_cost,162,128,8459,3.61,41,89,34
2026-01-01,ENT007,portfolio_value,152,176,8865,5.93,120,84,47
2026-01-01,ENT008,portfolio_value,90,85,2508,5.45,148,89,31
2026-01-01,ENT009,cash_fill_accuracy,251,291,6463,1.61,156,99,40
2026-01-01,ENT010,cash_fill_accuracy,101,108,1085,10.03,50,73,61
2026-01-01,ENT011,cash_fill_accuracy,257,278,3680,8.62,150,77,50
2026-01-01,ENT012,service_cost,276,246,2255,4.76,154,88,47
2026-01-01,ENT013,portfolio_value,219,173,8009,2.47,165,99,26
2026-01-01,ENT014,retention_rate,184,190,3570,12.71,132,66,69
2026-01-01,ENT015,portfolio_value,174,162,1064,2.77,221,93,29
2026-01-01,ENT016,activation_rate,85,94,4852,5.6,64,90,37
2026-01-01,ENT017,portfolio_value,256,261,3808,12.36,68,66,52
2026-01-01,ENT018,service_cost,185,224,2069,11.88,232,70,57
2026-01-01,ENT019,retention_rate,181,165,7975,8.33,122,80,35
2026-01-01,ENT020,activation_rate,114,114,7953,3.81,222,90,25
2026-01-01,ENT021,portfolio_value,225,239,5626,11.12,110,73,69
2026-01-01,ENT022,service_cost,123,155,1275,5.51,72,89,28
2026-01-01,ENT023,activation_rate,267,320,847,10.54,218,75,41
2026-01-01,ENT024,exception_rate,128,96,987,6.01,67,89,33
2026-01-02,ENT001,cash_fill_accuracy,128,151,3624,8.87,201,76,58
2026-01-02,ENT002,retention_rate,262,275,6576,2.33,60,94,37
2026-01-02,ENT003,service_cost,123,93,5869,11.9,77,66,80
2026-01-02,ENT004,cash_fill_accuracy,136,99,843,3.56,180,91,46
2026-01-02,ENT005,exception_rate,104,106,2043,7,140,81,42
2026-01-02,ENT006,retention_rate,251,309,6218,8.87,152,78,58
2026-01-02,ENT007,cash_fill_accuracy,228,173,869,6.17,67,86,59
2026-01-02,ENT008,service_cost,181,185,7263,11.61,233,68,68
2026-01-02,ENT009,activation_rate,216,158,1357,11.13,70,68,61
2026-01-02,ENT010,service_cost,201,197,6983,3.38,79,92,37
2026-01-02,ENT011,portfolio_value,121,140,4511,4.37,222,93,26
2026-01-02,ENT012,retention_rate,118,90,2850,4.07,131,88,21
2026-01-02,ENT013,exception_rate,233,219,7199,5.19,24,92,47
2026-01-02,ENT014,service_cost,252,207,7431,13.92,32,59,57
2026-01-02,ENT015,activation_rate,124,94,4937,8.79,234,74,56
2026-01-02,ENT016,exception_rate,265,268,6580,4.6,238,94,29
2026-01-02,ENT017,exception_rate,276,312,3599,3.34,154,95,26
2026-01-02,ENT018,service_cost,144,134,6819,14.27,207,64,86
2026-01-02,ENT019,portfolio_value,267,291,4365,13.01,143,69,55
2026-01-02,ENT020,retention_rate,107,86,2449,8.65,237,77,53
2026-01-02,ENT021,exception_rate,178,224,6504,11.04,43,73,64
2026-01-02,ENT022,portfolio_value,77,90,5099,2.03,116,94,34
2026-01-02,ENT023,retention_rate,73,61,1249,1.83,104,97,11
2026-01-02,ENT024,service_cost,236,248,1909,9.41,43,76,69
2026-01-03,ENT001,retention_rate,120,146,1336,11.98,79,70,71
2026-01-03,ENT002,service_cost,68,69,2921,11.52,191,73,56
2026-01-03,ENT003,exception_rate,278,225,8121,3.35,163,98,23
2026-01-03,ENT004,service_cost,200,250,8187,10.86,31,70,46
2026-01-03,ENT005,portfolio_value,207,176,5437,7.14,81,84,45
2026-01-03,ENT006,portfolio_value,161,122,1633,9.83,179,75,59
2026-01-03,ENT007,retention_rate,249,179,6990,10.94,28,70,55
2026-01-03,ENT008,service_cost,221,236,7369,1.73,123,98,31
2026-01-03,ENT009,retention_rate,255,270,5622,1.77,214,99,31
2026-01-03,ENT010,retention_rate,220,198,3278,13.85,63,64,73
2026-01-03,ENT011,retention_rate,138,175,2861,9.19,207,80,43
2026-01-03,ENT012,exception_rate,122,120,4078,7.53,16,79,61
2026-01-03,ENT013,activation_rate,212,210,2787,5.35,77,85,44
2026-01-03,ENT014,retention_rate,134,137,1677,12.21,54,70,64
2026-01-03,ENT015,exception_rate,234,211,5898,13.02,189,67,85
2026-01-03,ENT016,retention_rate,185,205,3633,12.51,95,70,70
2026-01-03,ENT017,portfolio_value,170,146,2981,5.67,71,89,30
2026-01-03,ENT018,activation_rate,256,243,267,4.29,141,92,49
2026-01-03,ENT019,exception_rate,103,78,4658,2.56,31,97,17
2026-01-03,ENT020,retention_rate,78,97,3128,11.71,66,69,59
2026-01-03,ENT021,retention_rate,138,115,8492,7.76,28,82,40
2026-01-03,ENT022,cash_fill_accuracy,108,137,3183,13.27,87,66,75
2026-01-03,ENT023,portfolio_value,93,78,1778,14.23,141,65,65
2026-01-03,ENT024,service_cost,146,120,359,10.92,93,74,63
2026-01-04,ENT001,portfolio_value,266,263,8926,7.91,129,84,34
2026-01-04,ENT002,service_cost,101,113,6336,8.08,115,79,49
2026-01-04,ENT003,exception_rate,263,281,5052,10.73,130,72,46
2026-01-04,ENT004,cash_fill_accuracy,115,136,2733,13.71,115,61,61
2026-01-04,ENT005,cash_fill_accuracy,197,160,7964,6.7,215,81,62
2026-01-04,ENT006,activation_rate,249,242,6334,7.41,224,78,51
2026-01-04,ENT007,exception_rate,162,118,669,10.99,182,67,63
2026-01-04,ENT008,service_cost,176,192,518,8.41,76,75,68
2026-01-04,ENT009,retention_rate,139,113,5523,8.96,17,73,59
2026-01-04,ENT010,retention_rate,164,156,483,1.72,188,97,14
2026-01-04,ENT011,retention_rate,121,92,6736,12.23,143,69,77
2026-01-04,ENT012,activation_rate,117,142,2518,7.11,152,80,35
2026-01-04,ENT013,portfolio_value,227,209,6679,10.78,65,73,63
2026-01-04,ENT014,cash_fill_accuracy,133,112,4625,5.24,14,92,52
2026-01-04,ENT015,exception_rate,182,162,1916,2.94,206,92,23
2026-01-04,ENT016,cash_fill_accuracy,188,137,392,6.67,64,85,32
2026-01-04,ENT017,activation_rate,84,81,3825,12.53,99,65,55
2026-01-04,ENT018,exception_rate,261,318,8537,3.96,165,90,34
2026-01-04,ENT019,service_cost,92,73,5710,1.86,225,99,31
2026-01-04,ENT020,service_cost,238,179,4337,1.71,223,99,26
2026-01-04,ENT021,service_cost,119,89,3429,5.83,202,87,27
2026-01-04,ENT022,service_cost,249,296,2696,7.64,201,83,57
2026-01-04,ENT023,activation_rate,167,200,7096,6,170,86,44
2026-01-04,ENT024,portfolio_value,146,131,7409,10.63,131,70,48
2026-01-05,ENT001,cash_fill_accuracy,232,258,8197,12.59,118,64,62
2026-01-05,ENT002,retention_rate,263,313,5034,10.8,135,75,74
2026-01-05,ENT003,portfolio_value,214,242,208,3.64,130,95,20
2026-01-05,ENT004,cash_fill_accuracy,252,262,3358,10.58,205,75,69
2026-01-05,ENT005,portfolio_value,248,285,8151,6.97,166,82,61
2026-01-05,ENT006,portfolio_value,280,218,7422,5.74,218,83,34
2026-01-05,ENT007,portfolio_value,181,212,2176,13.32,83,68,69
2026-01-05,ENT008,activation_rate,68,85,4471,2.48,182,96,36
2026-01-05,ENT009,cash_fill_accuracy,127,131,7392,6.38,98,85,29
2026-01-05,ENT010,service_cost,95,78,2424,8.5,17,75,47
2026-01-05,ENT011,activation_rate,151,115,8530,5.85,125,89,24
2026-01-05,ENT012,service_cost,208,260,5894,11.03,29,73,59
2026-01-05,ENT013,exception_rate,182,157,6255,6.52,239,81,47
2026-01-05,ENT014,portfolio_value,176,130,1144,6.91,14,85,56
2026-01-05,ENT015,exception_rate,130,125,2113,8.31,13,78,45
2026-01-05,ENT016,retention_rate,242,240,3469,6.67,176,81,41
2026-01-05,ENT017,portfolio_value,222,273,1315,7.34,121,79,56
2026-01-05,ENT018,cash_fill_accuracy,165,124,6463,12.56,12,67,78
2026-01-05,ENT019,cash_fill_accuracy,263,279,6608,13.03,78,68,62
2026-01-05,ENT020,retention_rate,203,246,2652,9.62,142,78,53
2026-01-05,ENT021,exception_rate,189,191,3221,13.08,76,67,79
2026-01-05,ENT022,portfolio_value,159,200,4117,8.78,47,81,43
2026-01-05,ENT023,portfolio_value,187,166,6253,3.62,85,96,39
2026-01-05,ENT024,service_cost,150,174,681,11.88,133,69,66
2026-01-06,ENT001,exception_rate,167,204,1020,6.22,98,84,46
2026-01-06,ENT002,service_cost,75,92,7300,2.72,155,99,31
2026-01-06,ENT003,portfolio_value,106,78,8284,6.95,144,81,34
2026-01-06,ENT004,retention_rate,175,159,4408,3.17,133,93,45
2026-01-06,ENT005,activation_rate,160,189,6757,12.5,72,67,75
2026-01-06,ENT006,cash_fill_accuracy,73,68,3143,12.23,150,64,67
2026-01-06,ENT007,portfolio_value,148,127,7253,2.17,26,99,30
2026-01-06,ENT008,cash_fill_accuracy,186,234,3540,10.04,128,72,76
2026-01-06,ENT009,service_cost,96,117,1952,9.96,226,75,53
2026-01-06,ENT010,service_cost,127,116,6233,13.98,77,61,75
2026-01-06,ENT011,retention_rate,148,132,2869,11.66,76,68,51
2026-01-06,ENT012,activation_rate,117,122,6325,4.75,107,92,29
2026-01-06,ENT013,portfolio_value,254,277,8962,6.88,224,82,49
2026-01-06,ENT014,service_cost,244,190,5095,8.38,213,82,57
2026-01-06,ENT015,retention_rate,79,73,8919,10.11,73,71,46
2026-01-06,ENT016,activation_rate,153,142,3865,9.35,64,78,63
2026-01-06,ENT017,activation_rate,194,198,1783,2.8,74,96,12
2026-01-06,ENT018,portfolio_value,245,223,6790,6.61,154,86,33
2026-01-06,ENT019,retention_rate,267,280,8665,2.43,142,93,43
2026-01-06,ENT020,cash_fill_accuracy,75,56,5800,4.66,223,87,29
2026-01-06,ENT021,service_cost,255,301,4166,1.55,130,99,8
2026-01-06,ENT022,exception_rate,195,158,1236,4.61,183,86,33
2026-01-06,ENT023,retention_rate,100,125,8368,10.84,68,71,62
2026-01-06,ENT024,exception_rate,125,133,4627,8.24,130,76,38
2026-01-07,ENT001,portfolio_value,272,302,420,11.21,179,68,74
2026-01-07,ENT002,activation_rate,192,142,5808,9.09,132,74,66
2026-01-07,ENT003,activation_rate,179,165,1605,9.8,210,74,60
2026-01-07,ENT004,retention_rate,146,145,2459,9.46,16,73,63
2026-01-07,ENT005,service_cost,216,190,6769,5.12,128,85,53
2026-01-07,ENT006,retention_rate,146,175,2898,11.53,64,71,55
2026-01-07,ENT007,cash_fill_accuracy,169,176,4948,4.04,134,95,33
2026-01-07,ENT008,service_cost,227,229,2106,8.41,117,78,54
2026-01-07,ENT009,service_cost,195,199,8915,12.9,226,68,86
2026-01-07,ENT010,activation_rate,215,258,2356,14.18,44,63,82
2026-01-07,ENT011,service_cost,85,75,4448,2.55,206,98,22
2026-01-07,ENT012,retention_rate,271,331,7076,2.98,215,95,36
2026-01-07,ENT013,service_cost,241,217,6638,3.42,158,93,19
2026-01-07,ENT014,exception_rate,155,174,5806,4.04,144,90,28
2026-01-07,ENT015,activation_rate,82,62,234,5.59,226,84,57
2026-01-07,ENT016,service_cost,210,176,3733,1.8,99,96,7
2026-01-07,ENT017,portfolio_value,95,90,4873,1.84,181,99,19
2026-01-07,ENT018,portfolio_value,185,181,6651,4.89,208,86,37
2026-01-07,ENT019,portfolio_value,238,217,6508,4.7,112,89,45
2026-01-07,ENT020,activation_rate,224,220,5898,11.27,13,71,71
2026-01-07,ENT021,exception_rate,277,269,4793,11.56,216,70,51
2026-01-07,ENT022,service_cost,122,124,7910,12.26,85,67,75
2026-01-07,ENT023,service_cost,122,121,6953,8.67,127,78,68
2026-01-07,ENT024,activation_rate,92,68,1328,9.58,209,79,48
2026-01-08,ENT001,cash_fill_accuracy,159,200,3808,14.25,71,58,88
2026-01-08,ENT002,portfolio_value,242,278,4381,6.45,85,87,57
2026-01-08,ENT003,portfolio_value,86,96,8246,4.55,196,89,35
2026-01-08,ENT004,retention_rate,267,296,5239,11.65,26,67,62
2026-01-08,ENT005,retention_rate,107,102,4484,8.87,129,75,51
2026-01-08,ENT006,activation_rate,211,194,476,4.55,63,86,19
2026-01-08,ENT007,retention_rate,191,155,4382,9.67,133,72,72
2026-01-08,ENT008,portfolio_value,160,168,6782,4.2,179,95,45
2026-01-08,ENT009,exception_rate,197,152,5625,11.61,206,68,68
2026-01-08,ENT010,portfolio_value,150,186,1305,8.38,106,82,38
2026-01-08,ENT011,activation_rate,205,246,3433,6.62,97,84,45
2026-01-08,ENT012,cash_fill_accuracy,70,62,4725,10.69,16,72,68
2026-01-08,ENT013,exception_rate,212,180,2270,3.95,235,93,42
2026-01-08,ENT014,cash_fill_accuracy,213,211,3755,4.55,80,87,48
2026-01-08,ENT015,activation_rate,249,274,788,8.25,139,77,47
2026-01-08,ENT016,portfolio_value,111,127,7454,13.35,28,60,61
2026-01-08,ENT017,retention_rate,73,90,3537,10.63,39,75,44
2026-01-08,ENT018,portfolio_value,155,144,5410,3.43,77,96,30
2026-01-08,ENT019,exception_rate,151,146,5912,5.7,198,85,30
2026-01-08,ENT020,service_cost,214,186,6211,5.18,28,90,44
2026-01-08,ENT021,retention_rate,269,215,5860,8.65,17,74,47
2026-01-08,ENT022,activation_rate,188,180,4551,13.14,197,62,59
2026-01-08,ENT023,activation_rate,92,109,6667,7.33,102,86,38
2026-01-08,ENT024,cash_fill_accuracy,125,131,1856,2.96,59,98,43
2026-01-09,ENT001,service_cost,136,160,1909,5.28,225,86,56
2026-01-09,ENT002,activation_rate,128,147,154,13.58,86,67,76
2026-01-09,ENT003,service_cost,176,171,4993,12.81,25,62,85
2026-01-09,ENT004,retention_rate,263,310,4864,8.21,167,78,62
2026-01-09,ENT005,retention_rate,223,248,7352,12.06,156,64,61
2026-01-09,ENT006,portfolio_value,248,315,816,8.43,77,81,40
2026-01-09,ENT007,retention_rate,216,242,7986,13.06,30,63,81
2026-01-09,ENT008,retention_rate,220,218,8567,7.23,175,79,42
2026-01-09,ENT009,cash_fill_accuracy,142,136,7334,5.79,104,83,32
2026-01-09,ENT010,activation_rate,209,153,6906,12.11,52,64,61
2026-01-09,ENT011,activation_rate,160,118,1139,3.25,72,96,29
2026-01-09,ENT012,service_cost,261,253,6997,10.08,137,72,67
2026-01-09,ENT013,cash_fill_accuracy,73,77,1077,6.53,23,84,37
2026-01-09,ENT014,cash_fill_accuracy,130,109,1653,10.81,122,74,59
2026-01-09,ENT015,portfolio_value,95,103,1862,8.84,221,80,42
2026-01-09,ENT016,service_cost,254,185,3799,11.6,111,70,64
2026-01-09,ENT017,exception_rate,117,128,1878,12.61,214,66,51
2026-01-09,ENT018,exception_rate,161,142,4662,14.5,177,57,81
2026-01-09,ENT019,exception_rate,247,272,5962,7.54,210,79,63
2026-01-09,ENT020,activation_rate,93,112,3317,4.36,156,92,27
2026-01-09,ENT021,activation_rate,84,103,1433,13.64,183,63,63
2026-01-09,ENT022,service_cost,268,252,556,4.9,108,88,43
2026-01-09,ENT023,exception_rate,119,98,5481,7.33,115,85,33
2026-01-09,ENT024,retention_rate,137,101,1672,4.74,111,91,19
2026-01-10,ENT001,cash_fill_accuracy,138,146,5514,3.48,238,93,39
2026-01-10,ENT002,exception_rate,231,166,1412,13.5,39,62,87
2026-01-10,ENT003,activation_rate,209,159,6542,7.46,134,85,42
2026-01-10,ENT004,activation_rate,128,95,4600,13.86,42,64,81
2026-01-10,ENT005,service_cost,149,179,7210,6.25,120,85,59
2026-01-10,ENT006,portfolio_value,77,58,2166,4.57,96,93,42
2026-01-10,ENT007,activation_rate,82,66,2581,11.45,122,72,65
2026-01-10,ENT008,activation_rate,266,293,695,4.6,22,91,42
2026-01-10,ENT009,portfolio_value,126,139,4766,11.36,145,71,49
2026-01-10,ENT010,activation_rate,76,90,7372,5.13,182,86,49
2026-01-10,ENT011,activation_rate,84,67,1112,14.06,56,60,73
2026-01-10,ENT012,retention_rate,141,118,6010,12.64,127,70,64
2026-01-10,ENT013,exception_rate,213,266,1586,12.45,59,70,82
2026-01-10,ENT014,exception_rate,100,128,4438,13.96,203,66,86
2026-01-10,ENT015,activation_rate,267,288,5887,14.34,26,59,76
2026-01-10,ENT016,cash_fill_accuracy,228,198,1611,6.38,206,82,45
2026-01-10,ENT017,cash_fill_accuracy,265,262,6229,7.47,187,84,31
2026-01-10,ENT018,service_cost,265,289,8231,1.63,69,99,10
2026-01-10,ENT019,service_cost,179,140,7973,2.6,14,93,39
2026-01-10,ENT020,portfolio_value,178,215,4943,4.01,114,90,50
2026-01-10,ENT021,exception_rate,274,345,5651,11.59,54,70,71
2026-01-10,ENT022,retention_rate,73,64,7554,14.44,149,60,81
2026-01-10,ENT023,exception_rate,148,185,3596,12.42,120,65,62
2026-01-10,ENT024,cash_fill_accuracy,97,92,7388,8.5,166,77,63
2026-01-11,ENT001,exception_rate,152,190,887,5.28,219,90,47
2026-01-11,ENT002,exception_rate,131,144,827,5.49,131,87,55
2026-01-11,ENT003,portfolio_value,212,199,3057,3.63,106,93,31
2026-01-11,ENT004,service_cost,124,139,1024,7.55,223,84,40
2026-01-11,ENT005,cash_fill_accuracy,168,205,7045,12.25,215,70,49
2026-01-11,ENT006,activation_rate,216,173,5007,3.64,164,93,37
2026-01-11,ENT007,portfolio_value,113,122,3975,5.34,76,91,43
2026-01-11,ENT008,activation_rate,212,269,5387,12.65,150,63,54
2026-01-11,ENT009,retention_rate,81,66,8713,8.51,152,81,57
2026-01-11,ENT010,retention_rate,136,121,2068,9.48,173,72,62
2026-01-11,ENT011,retention_rate,166,186,206,11.92,28,69,75
2026-01-11,ENT012,cash_fill_accuracy,131,149,5029,7.06,43,84,50
2026-01-11,ENT013,exception_rate,218,279,4555,13.29,26,66,87
2026-01-11,ENT014,activation_rate,158,128,1440,8.42,83,78,66
2026-01-11,ENT015,activation_rate,174,181,8602,9,75,77,53
2026-01-11,ENT016,portfolio_value,110,81,3039,10.78,231,70,46
2026-01-11,ENT017,cash_fill_accuracy,184,188,7313,11.13,182,69,64
2026-01-11,ENT018,activation_rate,151,124,4331,9.59,54,78,65
2026-01-11,ENT019,retention_rate,81,59,6571,12.5,219,64,55
2026-01-11,ENT020,activation_rate,192,159,3204,2.6,133,97,20
2026-01-11,ENT021,activation_rate,153,177,8122,3.8,167,90,45
2026-01-11,ENT022,service_cost,228,182,3725,6.92,22,87,49
2026-01-11,ENT023,cash_fill_accuracy,182,211,3441,3.58,127,96,40
2026-01-11,ENT024,exception_rate,238,302,1085,11.07,86,69,73
2026-01-12,ENT001,activation_rate,219,243,3280,10.36,106,70,49
2026-01-12,ENT002,exception_rate,101,87,2224,5.08,151,89,27
2026-01-12,ENT003,cash_fill_accuracy,265,262,4774,6.67,35,86,34
2026-01-12,ENT004,activation_rate,138,139,1863,10.5,200,71,77
2026-01-12,ENT005,portfolio_value,186,138,3155,2.12,237,99,16
2026-01-12,ENT006,portfolio_value,161,124,3127,6.51,156,88,36
2026-01-12,ENT007,activation_rate,256,271,3451,11.47,72,71,45
2026-01-12,ENT008,activation_rate,240,223,2494,11.97,132,64,72
2026-01-12,ENT009,service_cost,210,212,5438,6.67,234,82,55
2026-01-12,ENT010,cash_fill_accuracy,180,194,1507,11.44,210,68,48
2026-01-12,ENT011,portfolio_value,219,228,6427,11.94,28,68,56
2026-01-12,ENT012,activation_rate,66,65,632,11.31,231,74,63
2026-01-12,ENT013,retention_rate,155,175,4053,3.85,117,93,49
2026-01-12,ENT014,cash_fill_accuracy,177,158,2057,4.83,34,89,41
2026-01-12,ENT015,activation_rate,140,150,7977,6.33,36,84,51
2026-01-12,ENT016,activation_rate,241,188,3548,2.15,160,99,6
2026-01-12,ENT017,retention_rate,237,190,7002,3.78,22,95,43
2026-01-12,ENT018,retention_rate,203,240,1245,8.42,36,77,55
2026-01-12,ENT019,service_cost,142,179,7532,10.11,122,75,48
2026-01-12,ENT020,exception_rate,131,168,1367,1.85,45,99,14
2026-01-12,ENT021,retention_rate,165,132,684,7.83,204,77,35
2026-01-12,ENT022,activation_rate,122,111,5158,2.73,171,99,28
2026-01-12,ENT023,cash_fill_accuracy,274,296,757,4.06,200,89,47
2026-01-12,ENT024,retention_rate,207,178,2756,12.56,15,62,79
2026-01-13,ENT001,portfolio_value,218,275,3416,8.66,122,75,37
2026-01-13,ENT002,activation_rate,258,245,2738,5.04,173,92,33
2026-01-13,ENT003,retention_rate,75,80,6319,12.21,74,70,75
2026-01-13,ENT004,exception_rate,110,100,8153,8.18,202,78,45
2026-01-13,ENT005,retention_rate,163,187,2989,3.16,38,97,40
2026-01-13,ENT006,portfolio_value,107,135,1465,4.36,231,95,25
2026-01-13,ENT007,service_cost,81,92,3437,10.84,120,74,61
2026-01-13,ENT008,service_cost,156,126,859,12.38,59,66,82
2026-01-13,ENT009,retention_rate,124,131,1274,5.52,103,85,33
2026-01-13,ENT010,activation_rate,269,245,593,13.52,84,60,71
2026-01-13,ENT011,cash_fill_accuracy,108,122,3251,6.51,149,85,47
2026-01-13,ENT012,cash_fill_accuracy,262,333,546,7.61,179,81,51
2026-01-13,ENT013,portfolio_value,145,136,5296,8.18,129,81,62
2026-01-13,ENT014,cash_fill_accuracy,84,71,8998,4.09,159,91,28
2026-01-13,ENT015,retention_rate,110,94,4214,10.05,91,71,45
2026-01-13,ENT016,exception_rate,160,157,827,13.07,23,67,76
2026-01-13,ENT017,service_cost,195,244,480,7.85,47,84,57
2026-01-13,ENT018,exception_rate,214,246,569,10.39,201,74,65
2026-01-13,ENT019,portfolio_value,175,199,1020,10.55,217,70,70
2026-01-13,ENT020,service_cost,257,278,4930,6.71,193,82,57
2026-01-13,ENT021,service_cost,165,211,4165,5.49,132,90,54
2026-01-13,ENT022,retention_rate,274,266,3412,12.54,187,66,63
2026-01-13,ENT023,retention_rate,103,114,2435,14.37,237,60,64
2026-01-13,ENT024,retention_rate,131,166,7861,3.29,155,94,37
2026-01-14,ENT001,cash_fill_accuracy,82,65,3168,6.35,93,85,59
2026-01-14,ENT002,activation_rate,125,99,1732,14.39,99,64,74
2026-01-14,ENT003,portfolio_value,259,238,4546,6.12,203,89,39
2026-01-14,ENT004,cash_fill_accuracy,249,222,5322,2.3,63,99,17
2026-01-14,ENT005,service_cost,113,134,7304,6.93,213,82,33
2026-01-14,ENT006,activation_rate,90,70,7190,4.58,148,90,31
2026-01-14,ENT007,activation_rate,73,91,8596,13.69,58,66,76
2026-01-14,ENT008,retention_rate,248,295,2631,14,73,65,80
2026-01-14,ENT009,exception_rate,132,135,4783,8,209,78,50
2026-01-14,ENT010,exception_rate,89,68,5382,8.52,96,78,52
2026-01-14,ENT011,portfolio_value,185,187,3142,4.24,90,89,24
2026-01-14,ENT012,retention_rate,228,189,5806,7.42,119,80,41
2026-01-14,ENT013,retention_rate,150,147,6813,1.6,142,96,33
2026-01-14,ENT014,cash_fill_accuracy,75,56,443,10.35,161,69,64
2026-01-14,ENT015,cash_fill_accuracy,85,64,8663,14.18,20,60,78
2026-01-14,ENT016,activation_rate,101,95,3718,14.37,137,62,81
2026-01-14,ENT017,activation_rate,101,117,2999,10.02,193,71,53
2026-01-14,ENT018,exception_rate,244,244,6126,5.02,110,93,36
2026-01-14,ENT019,cash_fill_accuracy,260,250,6190,6.19,144,88,49
2026-01-14,ENT020,activation_rate,241,282,3778,12.41,68,69,69
2026-01-14,ENT021,service_cost,273,287,5941,7.84,201,83,42
2026-01-14,ENT022,cash_fill_accuracy,180,158,1196,11.23,171,66,63
2026-01-14,ENT023,portfolio_value,260,239,8674,12.24,190,68,64
2026-01-14,ENT024,portfolio_value,192,161,5173,2.86,81,98,42
2026-01-15,ENT001,portfolio_value,230,267,6639,12.88,126,61,76
2026-01-15,ENT002,service_cost,140,148,801,6.42,117,85,48
2026-01-15,ENT003,activation_rate,201,201,7461,3.52,234,96,14
2026-01-15,ENT004,retention_rate,172,203,7784,10.81,125,73,76
2026-01-15,ENT005,portfolio_value,105,89,1248,8.24,44,80,58
2026-01-15,ENT006,service_cost,196,153,2941,4.82,182,90,42
2026-01-15,ENT007,activation_rate,124,118,7975,7.52,238,85,54
2026-01-15,ENT008,retention_rate,216,179,3274,7.14,150,82,28
2026-01-15,ENT009,activation_rate,168,183,8919,7.29,149,79,60
2026-01-15,ENT010,retention_rate,238,278,6316,5.44,148,85,30
2026-01-15,ENT011,activation_rate,207,205,2957,3.99,57,92,28
2026-01-15,ENT012,retention_rate,174,151,1839,12.46,110,66,73
2026-01-15,ENT013,activation_rate,182,200,442,1.66,67,99,39
2026-01-15,ENT014,service_cost,182,138,1401,5.02,28,85,30
2026-01-15,ENT015,retention_rate,121,90,8144,2.94,118,96,26
2026-01-15,ENT016,portfolio_value,140,133,5454,6.16,191,89,45
2026-01-15,ENT017,exception_rate,263,308,5282,13.23,228,67,76
2026-01-15,ENT018,retention_rate,194,219,6129,11.1,66,72,74
2026-01-15,ENT019,activation_rate,103,91,8749,5.65,53,87,31
2026-01-15,ENT020,retention_rate,239,217,7869,4.4,127,89,18
2026-01-15,ENT021,retention_rate,234,222,4542,3.18,38,91,26
2026-01-15,ENT022,exception_rate,251,314,3450,2.95,53,92,25
2026-01-15,ENT023,exception_rate,100,89,4065,4.66,68,90,42
2026-01-15,ENT024,exception_rate,196,165,3532,8.1,109,77,65
2026-01-16,ENT001,retention_rate,271,320,2322,1.92,162,99,8
2026-01-16,ENT002,retention_rate,148,133,3768,9.64,15,75,50
2026-01-16,ENT003,cash_fill_accuracy,196,153,7460,9.78,32,74,53
2026-01-16,ENT004,cash_fill_accuracy,197,201,5428,2.95,107,93,37
2026-01-16,ENT005,retention_rate,259,215,7878,5.15,240,85,38
2026-01-16,ENT006,service_cost,139,161,349,5.99,206,87,41
2026-01-16,ENT007,retention_rate,182,187,1778,9.08,157,74,63
2026-01-16,ENT008,activation_rate,242,203,479,11.4,92,74,47
2026-01-16,ENT009,retention_rate,219,232,8864,12.82,32,65,56
2026-01-16,ENT010,activation_rate,78,88,4991,3.57,201,97,39
2026-01-16,ENT011,exception_rate,202,192,1780,7.9,91,79,60
2026-01-16,ENT012,portfolio_value,147,153,3063,1.68,40,98,31
2026-01-16,ENT013,cash_fill_accuracy,95,70,7010,3.16,98,91,17
2026-01-16,ENT014,service_cost,66,80,3431,11.75,33,71,59
2026-01-16,ENT015,retention_rate,109,98,627,2.85,53,93,22
2026-01-16,ENT016,activation_rate,189,164,1495,4.76,159,90,41
2026-01-16,ENT017,cash_fill_accuracy,185,167,282,10.66,205,72,54
2026-01-16,ENT018,exception_rate,232,216,8865,11.64,198,66,68
2026-01-16,ENT019,activation_rate,107,129,5552,7.8,154,81,56
2026-01-16,ENT020,cash_fill_accuracy,244,234,2628,10.4,202,69,47
2026-01-16,ENT021,activation_rate,278,231,725,9.07,236,76,49
2026-01-16,ENT022,cash_fill_accuracy,91,105,8421,8.12,52,82,65
2026-01-16,ENT023,exception_rate,109,107,2189,1.89,166,99,15
2026-01-16,ENT024,portfolio_value,218,216,5091,6.1,156,84,40
2026-01-17,ENT001,cash_fill_accuracy,87,78,7700,2.4,194,98,23
2026-01-17,ENT002,service_cost,264,330,7768,3.85,96,92,23
2026-01-17,ENT003,cash_fill_accuracy,165,160,8087,7.52,206,82,53
2026-01-17,ENT004,service_cost,263,237,8210,3.17,239,96,21
2026-01-17,ENT005,exception_rate,107,89,7884,11.96,196,69,64
2026-01-17,ENT006,activation_rate,112,95,4350,12.23,152,66,66
2026-01-17,ENT007,activation_rate,247,183,1352,12.35,52,65,73
2026-01-17,ENT008,retention_rate,131,109,3087,10.63,216,76,57
2026-01-17,ENT009,exception_rate,111,95,2032,11.27,24,71,54
2026-01-17,ENT010,portfolio_value,101,91,5229,5.44,42,90,44
2026-01-17,ENT011,exception_rate,252,229,927,8.32,56,78,47
2026-01-17,ENT012,exception_rate,249,284,8283,9.3,83,73,71
2026-01-17,ENT013,cash_fill_accuracy,226,260,4975,4.17,31,92,18
2026-01-17,ENT014,exception_rate,81,72,322,5.44,51,87,32
2026-01-17,ENT015,exception_rate,213,198,4152,4.64,233,86,52
2026-01-17,ENT016,retention_rate,216,158,7374,3.77,71,92,48
2026-01-17,ENT017,cash_fill_accuracy,69,88,1022,11.74,232,67,50
2026-01-17,ENT018,portfolio_value,149,164,7005,5.93,239,83,57
2026-01-17,ENT019,portfolio_value,86,110,4604,1.76,30,99,36
2026-01-17,ENT020,activation_rate,89,85,2473,9.37,182,75,71
2026-01-17,ENT021,retention_rate,257,321,6398,7.32,78,80,62
2026-01-17,ENT022,exception_rate,218,194,7670,11.39,211,66,57
2026-01-17,ENT023,retention_rate,180,131,1016,4.42,152,87,42
2026-01-17,ENT024,service_cost,170,199,5311,13.21,196,68,69
2026-01-18,ENT001,portfolio_value,254,277,6805,7.52,47,85,37
2026-01-18,ENT002,service_cost,227,220,3245,11.06,34,72,57
2026-01-18,ENT003,activation_rate,81,63,6198,8.6,53,74,49
2026-01-18,ENT004,service_cost,149,136,1556,13.18,124,68,68
2026-01-18,ENT005,cash_fill_accuracy,91,116,2022,7.23,51,80,34
2026-01-18,ENT006,service_cost,151,172,4276,4.94,235,90,29
2026-01-18,ENT007,service_cost,159,188,2440,1.59,217,99,32
2026-01-18,ENT008,exception_rate,172,187,4330,4.9,209,93,48
2026-01-18,ENT009,exception_rate,154,168,5904,5.58,120,84,41
2026-01-18,ENT010,cash_fill_accuracy,206,181,4166,3.82,202,96,32
2026-01-18,ENT011,portfolio_value,276,293,3943,13.89,107,65,68
2026-01-18,ENT012,activation_rate,205,230,696,7.79,14,79,64
2026-01-18,ENT013,activation_rate,104,97,1786,6,174,89,56
2026-01-18,ENT014,portfolio_value,209,203,5933,3.24,13,97,32
2026-01-18,ENT015,service_cost,217,258,3311,2.31,213,99,19
2026-01-18,ENT016,service_cost,242,298,5171,13.02,15,62,57
2026-01-18,ENT017,portfolio_value,171,183,4915,3.15,21,93,40
2026-01-18,ENT018,portfolio_value,224,172,4375,9.49,205,77,50
2026-01-18,ENT019,cash_fill_accuracy,119,133,7220,5.9,231,89,42
2026-01-18,ENT020,retention_rate,90,66,6210,9.53,240,73,73
2026-01-18,ENT021,service_cost,78,94,8939,8.98,44,75,71
2026-01-18,ENT022,activation_rate,128,122,3905,13.64,177,63,79
2026-01-18,ENT023,cash_fill_accuracy,258,240,745,2.99,206,92,39
2026-01-18,ENT024,cash_fill_accuracy,236,196,1884,10.01,31,72,55
2026-01-19,ENT001,retention_rate,115,112,3740,13.7,59,65,63
2026-01-19,ENT002,portfolio_value,260,192,712,4.54,17,94,45
2026-01-19,ENT003,portfolio_value,187,224,879,2.16,67,95,12
2026-01-19,ENT004,service_cost,117,149,8803,11.94,107,70,63
2026-01-19,ENT005,portfolio_value,66,67,2200,11.77,228,67,49
2026-01-19,ENT006,activation_rate,128,161,604,7.79,45,82,38
2026-01-19,ENT007,cash_fill_accuracy,241,181,3010,3.28,93,96,33
2026-01-19,ENT008,portfolio_value,65,59,8590,10.56,47,75,54
2026-01-19,ENT009,service_cost,66,56,4515,1.93,146,98,19
2026-01-19,ENT010,retention_rate,132,136,1164,7.74,128,84,43
2026-01-19,ENT011,service_cost,249,284,7684,10.46,223,69,46
2026-01-19,ENT012,portfolio_value,224,235,1409,11.86,119,67,69
2026-01-19,ENT013,exception_rate,174,181,7119,13.2,210,63,58
2026-01-19,ENT014,cash_fill_accuracy,269,285,674,12.54,135,69,55
2026-01-19,ENT015,cash_fill_accuracy,176,190,2762,6.1,57,84,54
2026-01-19,ENT016,cash_fill_accuracy,125,123,5959,6.61,137,88,51
2026-01-19,ENT017,portfolio_value,156,147,2683,13.83,22,66,81
2026-01-19,ENT018,portfolio_value,139,124,7029,2.09,170,95,27
2026-01-19,ENT019,exception_rate,128,115,8025,2.84,226,99,11
2026-01-19,ENT020,activation_rate,188,143,5956,9.34,150,75,64
2026-01-19,ENT021,cash_fill_accuracy,131,131,6875,2.37,214,93,30
2026-01-19,ENT022,portfolio_value,232,188,2066,6.04,109,86,49
2026-01-19,ENT023,cash_fill_accuracy,131,111,3808,4.6,109,88,37
2026-01-19,ENT024,activation_rate,220,271,3652,6.34,207,86,46
2026-01-20,ENT001,cash_fill_accuracy,142,146,4839,7.62,168,78,46
2026-01-20,ENT002,exception_rate,208,171,3995,12.83,62,64,58
2026-01-20,ENT003,portfolio_value,134,154,2365,6.56,115,87,52
2026-01-20,ENT004,service_cost,270,329,1997,7.68,133,83,51
2026-01-20,ENT005,retention_rate,152,117,4717,10.63,66,70,77
2026-01-20,ENT006,activation_rate,186,203,4964,8.66,141,80,49
2026-01-20,ENT007,portfolio_value,224,181,3265,8.18,88,79,34
2026-01-20,ENT008,exception_rate,206,181,4638,8.2,216,80,40
2026-01-20,ENT009,activation_rate,264,275,1966,9.75,210,76,57
2026-01-20,ENT010,cash_fill_accuracy,101,93,6740,3.48,234,94,25
2026-01-20,ENT011,exception_rate,196,200,2314,13.17,215,66,61
2026-01-20,ENT012,activation_rate,139,161,6999,13.47,59,64,57
2026-01-20,ENT013,activation_rate,73,66,6123,7.58,105,85,33
2026-01-20,ENT014,exception_rate,133,125,2862,5.02,234,89,53
2026-01-20,ENT015,cash_fill_accuracy,199,251,478,3.51,119,92,14
2026-01-20,ENT016,activation_rate,210,204,5199,13.87,183,59,59
2026-01-20,ENT017,service_cost,172,184,5120,10.96,60,75,60
2026-01-20,ENT018,cash_fill_accuracy,280,244,5411,5.77,36,83,40
2026-01-20,ENT019,cash_fill_accuracy,86,78,3876,4.45,223,92,41
2026-01-20,ENT020,portfolio_value,162,183,4976,10.51,200,69,52
2026-01-20,ENT021,retention_rate,216,220,965,5.04,43,91,21
2026-01-20,ENT022,retention_rate,135,165,401,8.99,223,75,46
2026-01-20,ENT023,cash_fill_accuracy,67,67,5945,6.49,156,81,38
2026-01-20,ENT024,activation_rate,197,197,3845,2.29,183,97,41
2026-01-21,ENT001,activation_rate,214,163,823,5.21,141,88,21
2026-01-21,ENT002,retention_rate,186,192,1307,2.71,13,94,12
2026-01-21,ENT003,service_cost,272,215,5280,4.42,122,89,39
2026-01-21,ENT004,cash_fill_accuracy,117,147,8935,11.86,205,71,67
2026-01-21,ENT005,activation_rate,95,76,8099,5.13,103,92,24
2026-01-21,ENT006,exception_rate,88,111,4456,11.71,224,70,67
2026-01-21,ENT007,cash_fill_accuracy,110,130,5633,10.28,211,72,43
2026-01-21,ENT008,cash_fill_accuracy,185,213,1316,7.65,119,82,62
2026-01-21,ENT009,service_cost,145,149,4591,2.73,23,99,9
2026-01-21,ENT010,retention_rate,174,141,6875,6.55,83,88,58
2026-01-21,ENT011,service_cost,201,153,6990,14.38,178,61,85
2026-01-21,ENT012,cash_fill_accuracy,265,331,7351,7.84,235,82,56
2026-01-21,ENT013,portfolio_value,139,174,4017,13.19,112,65,84
2026-01-21,ENT014,cash_fill_accuracy,160,171,6288,7.55,185,80,44
2026-01-21,ENT015,cash_fill_accuracy,231,199,5578,11.28,122,68,68
2026-01-21,ENT016,portfolio_value,248,303,583,2.39,182,95,16
2026-01-21,ENT017,retention_rate,207,259,7408,3.97,16,90,41
2026-01-21,ENT018,portfolio_value,222,186,1114,6.8,220,80,39
2026-01-21,ENT019,portfolio_value,236,253,2777,12.84,33,64,58
2026-01-21,ENT020,service_cost,274,260,8769,5.01,51,91,39
2026-01-21,ENT021,portfolio_value,185,233,3116,11.81,180,70,51
2026-01-21,ENT022,retention_rate,139,114,8311,7.14,109,85,40
2026-01-21,ENT023,exception_rate,174,158,5126,9.16,16,78,58
2026-01-21,ENT024,service_cost,81,90,6846,14.19,161,63,69
2026-01-22,ENT001,portfolio_value,263,245,2487,12.67,30,67,67
2026-01-22,ENT002,portfolio_value,148,118,932,9.19,231,80,50
2026-01-22,ENT003,portfolio_value,145,144,6482,7.61,67,84,30
2026-01-22,ENT004,cash_fill_accuracy,83,75,6125,13.19,155,63,64
2026-01-22,ENT005,service_cost,124,119,4186,12.83,20,66,82
2026-01-22,ENT006,exception_rate,86,70,6247,11.35,57,67,65
2026-01-22,ENT007,exception_rate,167,209,5855,6.82,73,82,61
2026-01-22,ENT008,cash_fill_accuracy,79,70,775,9.01,131,77,43
2026-01-22,ENT009,portfolio_value,233,200,3113,9.79,36,76,41
2026-01-22,ENT010,retention_rate,252,272,7625,9.74,202,72,71
2026-01-22,ENT011,service_cost,183,194,7417,9.7,36,77,68
2026-01-22,ENT012,exception_rate,113,141,3503,6.43,195,88,32
2026-01-22,ENT013,service_cost,116,140,8246,5.35,83,91,37
2026-01-22,ENT014,activation_rate,113,105,6970,11.3,146,66,47
2026-01-22,ENT015,activation_rate,274,219,2652,10.42,77,73,66
2026-01-22,ENT016,retention_rate,260,192,952,8.01,224,76,58
2026-01-22,ENT017,retention_rate,86,71,6960,5.55,56,91,33
2026-01-22,ENT018,retention_rate,243,253,6883,7.7,54,80,50
2026-01-22,ENT019,cash_fill_accuracy,228,187,6043,7.4,206,85,40
2026-01-22,ENT020,portfolio_value,195,218,7220,14.06,103,60,61
2026-01-22,ENT021,exception_rate,160,118,706,7.71,195,80,50
2026-01-22,ENT022,cash_fill_accuracy,171,203,1743,14.38,96,60,70
2026-01-22,ENT023,service_cost,185,155,1552,3.36,96,93,23
2026-01-22,ENT024,service_cost,268,273,1426,9.65,173,75,44
2026-01-23,ENT001,exception_rate,279,215,5012,13.42,174,64,75
2026-01-23,ENT002,cash_fill_accuracy,101,81,4464,5.56,218,87,38
2026-01-23,ENT003,activation_rate,210,227,5054,5.25,218,85,43
2026-01-23,ENT004,exception_rate,214,201,7981,3.63,98,94,41
2026-01-23,ENT005,service_cost,92,115,4884,2.52,239,95,37
2026-01-23,ENT006,exception_rate,266,322,1898,5.21,139,88,28
2026-01-23,ENT007,retention_rate,74,84,1902,11.3,26,67,56
2026-01-23,ENT008,retention_rate,228,244,7397,2.6,225,92,16
2026-01-23,ENT009,service_cost,246,187,8324,11.12,72,71,49
2026-01-23,ENT010,activation_rate,72,83,8354,9.08,40,80,36
2026-01-23,ENT011,activation_rate,115,129,449,11.02,226,73,73
2026-01-23,ENT012,cash_fill_accuracy,107,134,7641,10.96,225,68,62
2026-01-23,ENT013,activation_rate,234,278,1730,1.61,155,99,16
2026-01-23,ENT014,service_cost,242,307,3158,10.67,106,71,65
2026-01-23,ENT015,portfolio_value,167,174,5280,11.16,49,74,64
2026-01-23,ENT016,service_cost,106,102,8457,4.82,225,93,30
2026-01-23,ENT017,service_cost,119,120,3419,5.62,176,88,47
2026-01-23,ENT018,activation_rate,242,184,2013,14.25,68,58,89
2026-01-23,ENT019,service_cost,198,176,8301,9.74,211,75,58
2026-01-23,ENT020,cash_fill_accuracy,81,85,1366,10.11,132,73,58
2026-01-23,ENT021,service_cost,101,86,1183,7.08,168,84,43
2026-01-23,ENT022,portfolio_value,212,269,3477,8.88,117,81,60
2026-01-23,ENT023,activation_rate,100,114,6572,9.07,177,78,47
2026-01-23,ENT024,activation_rate,135,119,5346,11.49,79,67,78
2026-01-24,ENT001,exception_rate,86,65,5812,7.14,53,81,39
2026-01-24,ENT002,service_cost,106,77,6807,7.34,219,84,52
2026-01-24,ENT003,portfolio_value,119,130,2312,2.71,214,99,22
2026-01-24,ENT004,retention_rate,183,214,4392,4.39,208,90,37
2026-01-24,ENT005,portfolio_value,120,148,6492,11.27,102,72,69
2026-01-24,ENT006,service_cost,126,154,3037,7.21,117,86,30
2026-01-24,ENT007,service_cost,207,221,2895,14.47,22,58,89
2026-01-24,ENT008,activation_rate,172,201,1034,8.04,203,79,66
2026-01-24,ENT009,portfolio_value,171,180,6487,3.16,15,95,45
2026-01-24,ENT010,service_cost,73,82,1736,3.83,12,96,37
2026-01-24,ENT011,service_cost,241,198,3013,7.44,102,79,47
2026-01-24,ENT012,cash_fill_accuracy,80,72,7422,13.38,213,68,72
2026-01-24,ENT013,service_cost,130,155,5297,9.78,69,78,70
2026-01-24,ENT014,retention_rate,206,152,4251,3.3,110,95,24
2026-01-24,ENT015,service_cost,233,263,2514,13.99,163,62,85
2026-01-24,ENT016,service_cost,129,152,722,9.16,160,80,40
2026-01-24,ENT017,retention_rate,240,206,7578,10.38,200,75,49
2026-01-24,ENT018,retention_rate,173,189,3706,9.49,164,78,43
2026-01-24,ENT019,cash_fill_accuracy,119,125,6405,5.73,29,87,23
2026-01-24,ENT020,cash_fill_accuracy,141,111,3394,7.88,196,81,54
2026-01-24,ENT021,retention_rate,236,210,5305,14.45,236,62,65
2026-01-24,ENT022,portfolio_value,80,98,2842,11.02,158,68,62
2026-01-24,ENT023,service_cost,188,231,7008,10.56,100,70,45
2026-01-24,ENT024,retention_rate,185,181,2919,6.8,24,81,36
2026-01-25,ENT001,exception_rate,209,199,4529,9.78,120,73,68
2026-01-25,ENT002,exception_rate,279,271,5096,7.31,80,86,54
2026-01-25,ENT003,service_cost,221,261,1801,8.61,206,78,52
2026-01-25,ENT004,exception_rate,144,140,5313,13.95,31,64,63
2026-01-25,ENT005,activation_rate,169,199,7538,14.38,144,62,85
2026-01-25,ENT006,retention_rate,76,69,5683,8.5,150,77,59
2026-01-25,ENT007,cash_fill_accuracy,138,119,2342,10.31,70,76,65
2026-01-25,ENT008,cash_fill_accuracy,145,110,8367,9.14,155,79,42
2026-01-25,ENT009,exception_rate,266,295,3935,11.57,29,72,65
2026-01-25,ENT010,service_cost,99,72,514,9.54,134,72,48
2026-01-25,ENT011,portfolio_value,211,160,7503,4.35,215,94,39
2026-01-25,ENT012,retention_rate,133,150,1653,8.92,107,75,68
2026-01-25,ENT013,retention_rate,141,111,6323,1.92,74,99,15
2026-01-25,ENT014,exception_rate,146,134,4037,3.11,32,99,26
2026-01-25,ENT015,exception_rate,204,151,3474,9.67,143,74,44
2026-01-25,ENT016,exception_rate,81,69,2196,1.62,58,99,18
2026-01-25,ENT017,retention_rate,220,161,5700,3.24,237,94,37
2026-01-25,ENT018,service_cost,258,263,4638,5.68,74,85,50
2026-01-25,ENT019,exception_rate,234,271,8361,10.49,154,73,61
2026-01-25,ENT020,activation_rate,208,237,960,12.33,185,63,75
2026-01-25,ENT021,portfolio_value,205,174,7140,11.65,138,70,61
2026-01-25,ENT022,service_cost,79,67,317,5.47,38,86,42
2026-01-25,ENT023,activation_rate,127,152,829,8.29,214,83,66
2026-01-25,ENT024,retention_rate,118,140,7446,11.92,208,68,56
2026-01-26,ENT001,retention_rate,152,150,3037,14.5,199,59,82
2026-01-26,ENT002,activation_rate,142,136,7615,14.49,160,62,80
2026-01-26,ENT003,cash_fill_accuracy,276,304,378,8.82,175,74,48
2026-01-26,ENT004,activation_rate,91,88,5091,8.02,83,81,53
2026-01-26,ENT005,service_cost,252,239,8779,3.42,47,90,26
2026-01-26,ENT006,activation_rate,150,152,8086,3.47,226,93,44
2026-01-26,ENT007,cash_fill_accuracy,136,140,4905,9.08,238,81,38
2026-01-26,ENT008,portfolio_value,222,278,4788,6,224,82,46
2026-01-26,ENT009,cash_fill_accuracy,193,193,311,13.31,111,67,56
2026-01-26,ENT010,activation_rate,267,240,1824,5.96,25,90,36
2026-01-26,ENT011,retention_rate,161,177,8545,10.36,34,76,60
2026-01-26,ENT012,service_cost,206,157,289,9.03,135,78,41
2026-01-26,ENT013,portfolio_value,227,184,3337,5.33,25,89,32
2026-01-26,ENT014,exception_rate,257,188,7457,14.23,32,60,80
2026-01-26,ENT015,service_cost,81,66,1669,5.2,226,85,44
2026-01-26,ENT016,activation_rate,197,246,3882,5.03,237,87,37
2026-01-26,ENT017,service_cost,101,111,4117,9.9,226,77,39
2026-01-26,ENT018,portfolio_value,128,105,8632,5.35,43,89,21
2026-01-26,ENT019,cash_fill_accuracy,195,248,6564,3.4,225,95,12
2026-01-26,ENT020,activation_rate,167,129,1791,5.69,43,88,55
2026-01-26,ENT021,service_cost,129,110,2986,9.72,127,71,73
2026-01-26,ENT022,retention_rate,135,154,7532,6.13,86,87,35
2026-01-26,ENT023,service_cost,80,58,6076,6.04,17,84,58
2026-01-26,ENT024,exception_rate,115,110,7699,7.45,208,79,36
2026-01-27,ENT001,cash_fill_accuracy,116,143,5438,4.74,171,87,39
2026-01-27,ENT002,exception_rate,133,105,7037,2.16,190,99,23
2026-01-27,ENT003,activation_rate,96,71,6047,5.46,161,87,42
2026-01-27,ENT004,retention_rate,73,62,303,4.55,25,93,49
2026-01-27,ENT005,exception_rate,223,243,4283,12.18,235,67,49
2026-01-27,ENT006,retention_rate,221,164,1805,2.79,163,96,33
2026-01-27,ENT007,retention_rate,94,104,8554,11.27,193,71,68
2026-01-27,ENT008,cash_fill_accuracy,102,87,3598,1.96,157,99,13
2026-01-27,ENT009,cash_fill_accuracy,102,93,6408,1.54,84,97,11
2026-01-27,ENT010,service_cost,100,106,5028,2.13,43,99,12
2026-01-27,ENT011,exception_rate,278,286,2995,11.34,223,71,67
2026-01-27,ENT012,cash_fill_accuracy,78,77,6598,2.43,129,97,15
2026-01-27,ENT013,portfolio_value,188,209,6018,11.57,60,67,67
2026-01-27,ENT014,cash_fill_accuracy,144,134,3838,5.08,97,88,41
2026-01-27,ENT015,service_cost,132,98,1760,10.8,23,71,65
2026-01-27,ENT016,cash_fill_accuracy,123,121,7931,6.49,157,86,35
2026-01-27,ENT017,service_cost,192,175,2472,7.29,162,80,46
2026-01-27,ENT018,exception_rate,113,97,3902,14.28,145,58,83
2026-01-27,ENT019,cash_fill_accuracy,136,133,4560,6.06,166,87,43
2026-01-27,ENT020,activation_rate,173,130,6924,12.4,229,65,56
2026-01-27,ENT021,cash_fill_accuracy,182,215,290,9.98,55,76,71
2026-01-27,ENT022,cash_fill_accuracy,230,239,2665,4.14,234,95,27
2026-01-27,ENT023,cash_fill_accuracy,262,199,7340,10.78,202,72,78
2026-01-27,ENT024,portfolio_value,197,197,3598,3.22,112,94,32
2026-01-28,ENT001,retention_rate,143,147,224,6.19,202,83,43
2026-01-28,ENT002,retention_rate,99,72,7188,11.85,188,67,77
2026-01-28,ENT003,exception_rate,192,242,2283,3.91,29,91,21
2026-01-28,ENT004,retention_rate,190,182,7595,11.76,30,72,65
2026-01-28,ENT005,exception_rate,203,240,8188,12.74,46,63,74
2026-01-28,ENT006,exception_rate,216,238,7388,7.34,63,85,41
2026-01-28,ENT007,cash_fill_accuracy,173,138,4570,7.63,115,84,33
2026-01-28,ENT008,cash_fill_accuracy,181,223,2490,3.61,212,90,24
2026-01-28,ENT009,service_cost,195,234,8488,11.71,58,72,58
2026-01-28,ENT010,service_cost,249,187,2802,10.33,147,73,66
2026-01-28,ENT011,exception_rate,162,162,7777,9.41,136,77,53
2026-01-28,ENT012,cash_fill_accuracy,227,209,8236,7.09,206,82,33
2026-01-28,ENT013,portfolio_value,90,101,8431,2.46,144,96,27
2026-01-28,ENT014,activation_rate,109,138,2581,12.3,45,67,65
2026-01-28,ENT015,activation_rate,252,297,1718,13.99,114,61,79
2026-01-28,ENT016,exception_rate,201,209,886,9.33,19,79,66
2026-01-28,ENT017,service_cost,213,198,2639,1.58,98,99,24
2026-01-28,ENT018,retention_rate,167,190,7653,2.49,54,93,33
2026-01-28,ENT019,activation_rate,246,283,8123,4.35,186,87,41
2026-01-28,ENT020,portfolio_value,222,255,1784,8.19,119,77,40
2026-01-28,ENT021,cash_fill_accuracy,164,185,8730,3.98,60,96,36
2026-01-28,ENT022,cash_fill_accuracy,181,132,1805,6.91,13,80,45
2026-01-28,ENT023,activation_rate,82,101,360,6.77,152,85,39
2026-01-28,ENT024,service_cost,223,232,6217,12.32,64,64,58
2026-01-29,ENT001,portfolio_value,113,114,4880,8.77,60,79,59
2026-01-29,ENT002,exception_rate,153,179,5200,10.33,226,72,53
2026-01-29,ENT003,portfolio_value,268,300,1552,12.77,159,69,60
2026-01-29,ENT004,retention_rate,168,210,1244,2.13,100,99,8
2026-01-29,ENT005,exception_rate,153,144,1182,6.39,19,83,37
2026-01-29,ENT006,portfolio_value,116,121,3015,8.28,85,77,59
2026-01-29,ENT007,retention_rate,159,161,4302,5.14,14,87,38
2026-01-29,ENT008,exception_rate,265,231,1384,7.78,22,81,39
2026-01-29,ENT009,exception_rate,83,101,3965,4.5,200,87,46
2026-01-29,ENT010,retention_rate,132,104,7889,7.08,126,80,45
2026-01-29,ENT011,service_cost,107,110,6367,9.94,97,78,40
2026-01-29,ENT012,portfolio_value,109,98,4010,5.22,83,84,37
2026-01-29,ENT013,cash_fill_accuracy,272,264,6877,2.04,74,95,11
2026-01-29,ENT014,retention_rate,80,89,6393,10.8,206,75,61
2026-01-29,ENT015,exception_rate,172,215,1742,5.5,223,85,37
2026-01-29,ENT016,portfolio_value,184,160,7196,7.14,84,79,42
2026-01-29,ENT017,retention_rate,149,140,8720,2.22,142,98,41
2026-01-29,ENT018,cash_fill_accuracy,82,99,3639,8.27,185,79,40
2026-01-29,ENT019,retention_rate,122,137,7419,13.4,95,63,88
2026-01-29,ENT020,service_cost,145,157,790,11.02,57,74,48
2026-01-29,ENT021,retention_rate,142,176,4534,12.53,109,69,76
2026-01-29,ENT022,activation_rate,78,85,5432,12.09,154,66,77
2026-01-29,ENT023,activation_rate,79,91,947,7.5,219,82,53
2026-01-29,ENT024,portfolio_value,107,102,2096,12.09,38,70,48
2026-01-30,ENT001,portfolio_value,174,141,3437,5.68,26,87,46
2026-01-30,ENT002,exception_rate,250,243,438,6.63,208,85,57
2026-01-30,ENT003,retention_rate,85,104,710,4.93,78,89,29
2026-01-30,ENT004,service_cost,215,262,2357,3.35,67,96,26
2026-01-30,ENT005,retention_rate,86,65,1863,10.69,62,72,59
2026-01-30,ENT006,exception_rate,169,123,4776,13.02,217,65,64
2026-01-30,ENT007,activation_rate,107,124,3492,14.06,185,63,63
2026-01-30,ENT008,activation_rate,214,253,2432,1.57,188,99,6
2026-01-30,ENT009,service_cost,76,79,1402,8.83,48,75,57
2026-01-30,ENT010,activation_rate,78,80,8503,11.16,55,74,48
2026-01-30,ENT011,cash_fill_accuracy,249,184,2311,8.55,29,80,51
2026-01-30,ENT012,activation_rate,94,84,3877,8.27,219,77,56
2026-01-30,ENT013,service_cost,262,249,8802,11.63,159,73,58
2026-01-30,ENT014,activation_rate,251,261,2375,4.72,56,89,34
2026-01-30,ENT015,exception_rate,107,82,4264,5.33,131,86,24
2026-01-30,ENT016,exception_rate,93,111,8945,9.76,210,74,52
2026-01-30,ENT017,retention_rate,257,221,287,8.89,233,77,59
2026-01-30,ENT018,exception_rate,134,101,4603,8.13,101,78,59
2026-01-30,ENT019,cash_fill_accuracy,277,252,3764,12.57,216,68,64
2026-01-30,ENT020,retention_rate,259,233,2746,3.1,216,91,29
2026-01-30,ENT021,cash_fill_accuracy,239,263,1840,7.68,225,84,35
2026-01-30,ENT022,service_cost,276,251,7335,7.58,74,83,50
2026-01-30,ENT023,cash_fill_accuracy,199,143,381,3.72,126,92,38
2026-01-30,ENT024,retention_rate,246,185,6766,9.12,65,79,47
2026-01-31,ENT001,portfolio_value,97,76,8919,6.34,207,84,29
2026-01-31,ENT002,portfolio_value,182,147,3416,13.02,93,66,81
2026-01-31,ENT003,portfolio_value,99,85,7761,8.49,51,81,64
2026-01-31,ENT004,retention_rate,164,182,7509,7.4,47,80,56
2026-01-31,ENT005,portfolio_value,70,85,4298,7.45,143,81,50
2026-01-31,ENT006,exception_rate,248,265,4228,6.2,48,87,39
2026-01-31,ENT007,exception_rate,125,98,109,8.88,67,81,56
2026-01-31,ENT008,exception_rate,156,142,1096,14.31,227,63,75
2026-01-31,ENT009,portfolio_value,106,91,2670,4.89,111,93,28
2026-01-31,ENT010,exception_rate,255,219,4009,5.6,63,86,46
2026-01-31,ENT011,cash_fill_accuracy,132,129,1384,4.12,142,88,28
2026-01-31,ENT012,portfolio_value,177,168,2182,4.98,217,87,45
2026-01-31,ENT013,exception_rate,75,67,6044,9.78,80,78,63
2026-01-31,ENT014,activation_rate,228,287,6616,14.47,37,62,93
2026-01-31,ENT015,portfolio_value,113,93,5024,10.72,134,72,74
2026-01-31,ENT016,service_cost,216,251,8284,4.29,87,93,36
2026-01-31,ENT017,service_cost,201,153,3745,11.51,138,72,80
2026-01-31,ENT018,cash_fill_accuracy,223,163,7681,7.85,101,83,64
2026-01-31,ENT019,exception_rate,199,249,703,10.47,18,69,47
2026-01-31,ENT020,retention_rate,75,83,8690,8.9,143,78,60
2026-01-31,ENT021,retention_rate,200,194,8097,3.76,34,89,47
2026-01-31,ENT022,exception_rate,111,89,3533,10.52,161,71,59
2026-01-31,ENT023,service_cost,228,207,1093,2.41,112,98,24
2026-01-31,ENT024,activation_rate,231,263,2311,13.24,233,63,78
2026-02-01,ENT001,activation_rate,140,116,898,10.43,88,73,43
2026-02-01,ENT002,retention_rate,225,209,118,6.04,125,88,39
2026-02-01,ENT003,activation_rate,177,214,6182,2.84,172,96,11
2026-02-01,ENT004,cash_fill_accuracy,117,149,6589,9.48,214,72,54
2026-02-01,ENT005,portfolio_value,227,170,4786,7.73,57,81,53
2026-02-01,ENT006,cash_fill_accuracy,66,55,4081,1.73,137,98,17
2026-02-01,ENT007,retention_rate,160,195,3273,6.34,68,84,51
2026-02-01,ENT008,cash_fill_accuracy,273,322,3987,13.6,171,64,55
2026-02-01,ENT009,retention_rate,162,165,2953,2.11,41,95,32
2026-02-01,ENT010,exception_rate,241,236,4920,2.66,111,94,22
2026-02-01,ENT011,exception_rate,213,234,2670,11.75,18,71,50
2026-02-01,ENT012,cash_fill_accuracy,190,143,4423,13.29,193,65,79
2026-02-01,ENT013,service_cost,210,168,1591,4.3,33,91,43
2026-02-01,ENT014,service_cost,97,93,1754,11.7,197,66,57
2026-02-01,ENT015,service_cost,82,77,1991,9.18,127,79,49
2026-02-01,ENT016,retention_rate,252,305,673,7.05,145,84,31
2026-02-01,ENT017,retention_rate,131,109,3125,3.28,138,91,24
2026-02-01,ENT018,service_cost,87,98,3315,3.47,90,94,42
2026-02-01,ENT019,cash_fill_accuracy,77,59,4011,5.99,165,88,41
2026-02-01,ENT020,retention_rate,230,278,4049,4.13,125,94,43
2026-02-01,ENT021,service_cost,253,319,6220,5.3,128,86,34
2026-02-01,ENT022,cash_fill_accuracy,263,245,1194,2.34,174,99,15
2026-02-01,ENT023,portfolio_value,220,244,7743,13.83,15,60,66
2026-02-01,ENT024,exception_rate,135,99,8720,11.55,232,73,72
2026-02-02,ENT001,exception_rate,181,188,5777,7.89,118,80,54
2026-02-02,ENT002,retention_rate,279,329,5519,4.46,152,87,40
2026-02-02,ENT003,retention_rate,238,176,8436,9.59,139,72,69
2026-02-02,ENT004,retention_rate,229,250,632,8.07,114,83,33
2026-02-02,ENT005,retention_rate,88,66,1854,12.84,113,65,77
2026-02-02,ENT006,retention_rate,248,295,355,3.75,186,90,33
2026-02-02,ENT007,exception_rate,212,252,6496,13.45,199,63,70
2026-02-02,ENT008,cash_fill_accuracy,155,161,2107,9.26,107,74,40
2026-02-02,ENT009,service_cost,68,61,8585,13.18,235,63,76
2026-02-02,ENT010,service_cost,97,105,6142,4.89,215,90,36
2026-02-02,ENT011,retention_rate,144,161,7486,10.83,207,73,70
2026-02-02,ENT012,portfolio_value,234,285,487,2.43,93,93,16
2026-02-02,ENT013,activation_rate,141,113,661,6.25,40,81,39
2026-02-02,ENT014,portfolio_value,216,255,8338,10.31,180,77,57
2026-02-02,ENT015,cash_fill_accuracy,175,142,4287,4.44,63,89,30
2026-02-02,ENT016,exception_rate,169,137,1646,11.64,187,68,53
2026-02-02,ENT017,retention_rate,248,216,2531,6.61,114,83,41
2026-02-02,ENT018,service_cost,164,153,2020,7.25,26,80,50
2026-02-02,ENT019,retention_rate,155,160,3854,14.24,239,61,70
2026-02-02,ENT020,cash_fill_accuracy,127,113,3239,6.76,51,80,62
2026-02-02,ENT021,activation_rate,252,217,8120,7.13,20,86,31
2026-02-02,ENT022,activation_rate,175,191,798,6.66,159,83,61
2026-02-02,ENT023,cash_fill_accuracy,69,58,462,12.47,187,63,75
2026-02-02,ENT024,exception_rate,89,95,3616,7.38,34,82,53
2026-02-03,ENT001,exception_rate,155,163,7590,4.91,123,92,34
2026-02-03,ENT002,retention_rate,83,80,1142,4.3,74,88,24
2026-02-03,ENT003,cash_fill_accuracy,257,226,2460,1.61,160,99,33
2026-02-03,ENT004,retention_rate,279,335,1825,4.88,35,88,42
2026-02-03,ENT005,exception_rate,95,103,5180,14.33,221,61,62
2026-02-03,ENT006,service_cost,182,218,217,6.67,184,87,56
2026-02-03,ENT007,service_cost,121,145,5518,14.44,70,64,61
2026-02-03,ENT008,retention_rate,93,72,6528,14.4,180,59,72
2026-02-03,ENT009,activation_rate,136,148,1367,2.03,230,98,23
2026-02-03,ENT010,portfolio_value,153,150,4806,5.04,221,91,51
2026-02-03,ENT011,retention_rate,274,326,1537,9.97,179,77,59
2026-02-03,ENT012,cash_fill_accuracy,249,289,329,9.85,148,73,61
2026-02-03,ENT013,activation_rate,261,305,1782,3.93,184,92,36
2026-02-03,ENT014,portfolio_value,136,114,4549,14.46,146,64,72
2026-02-03,ENT015,service_cost,180,142,5421,3.5,179,95,44
2026-02-03,ENT016,cash_fill_accuracy,202,244,2203,1.9,72,96,16
2026-02-03,ENT017,service_cost,163,129,8295,8.21,233,81,43
2026-02-03,ENT018,cash_fill_accuracy,85,81,7620,8.72,155,82,55
2026-02-03,ENT019,retention_rate,83,79,1547,1.6,108,99,22
2026-02-03,ENT020,service_cost,84,88,5067,11.99,94,65,66
2026-02-03,ENT021,retention_rate,103,104,1173,7.3,189,83,32
2026-02-03,ENT022,exception_rate,203,235,5055,11.41,218,70,47
2026-02-03,ENT023,activation_rate,152,140,6209,2.07,124,96,23
2026-02-03,ENT024,retention_rate,272,288,2531,7.32,128,80,51
2026-02-04,ENT001,service_cost,262,312,1519,10.9,212,73,50
2026-02-04,ENT002,service_cost,73,70,6422,4.84,81,91,32
2026-02-04,ENT003,cash_fill_accuracy,261,253,5180,7.03,45,86,44
2026-02-04,ENT004,service_cost,98,123,6744,4.86,92,90,26
2026-02-04,ENT005,exception_rate,103,119,8833,7.01,120,86,44
2026-02-04,ENT006,retention_rate,173,206,4149,8.14,177,81,49
2026-02-04,ENT007,portfolio_value,209,165,7228,9.81,33,77,47
2026-02-04,ENT008,cash_fill_accuracy,215,170,3792,6.35,137,86,24
2026-02-04,ENT009,portfolio_value,82,103,1012,13.84,80,62,77
2026-02-04,ENT010,retention_rate,148,184,279,12.16,31,65,69
2026-02-04,ENT011,exception_rate,147,160,8438,8.04,141,83,61
2026-02-04,ENT012,exception_rate,230,283,7216,11.28,188,74,76
2026-02-04,ENT013,portfolio_value,152,184,5711,1.91,145,99,35
2026-02-04,ENT014,exception_rate,105,131,6474,5.53,83,90,47
2026-02-04,ENT015,retention_rate,149,127,1134,3.61,85,95,22
2026-02-04,ENT016,cash_fill_accuracy,210,216,4496,3.92,174,94,20
2026-02-04,ENT017,service_cost,186,225,2220,10.99,32,73,49
2026-02-04,ENT018,cash_fill_accuracy,181,188,8330,13.66,94,59,81
2026-02-04,ENT019,cash_fill_accuracy,212,267,634,2.67,152,96,13
2026-02-04,ENT020,retention_rate,255,275,1649,5.3,29,92,20
2026-02-04,ENT021,exception_rate,196,171,1747,7.11,32,87,39
2026-02-04,ENT022,portfolio_value,112,134,1062,7.71,54,83,29
2026-02-04,ENT023,service_cost,253,293,655,2.64,64,97,31
2026-02-04,ENT024,activation_rate,277,233,5385,8.22,144,78,38
2026-02-05,ENT001,retention_rate,115,97,2816,12.57,95,70,78
2026-02-05,ENT002,portfolio_value,96,84,7342,8.61,188,81,56
2026-02-05,ENT003,retention_rate,116,121,8989,5.2,117,89,52
2026-02-05,ENT004,service_cost,220,238,5277,3.24,232,93,19
2026-02-05,ENT005,portfolio_value,232,264,189,1.94,62,96,32
2026-02-05,ENT006,service_cost,146,158,5938,9.06,38,73,63
2026-02-05,ENT007,portfolio_value,209,159,2907,3.3,39,93,36
2026-02-05,ENT008,cash_fill_accuracy,273,308,509,4.69,236,88,26
2026-02-05,ENT009,cash_fill_accuracy,111,132,2704,6.04,121,85,52
2026-02-05,ENT010,portfolio_value,88,73,3074,12.51,61,68,68
2026-02-05,ENT011,activation_rate,222,275,515,7.16,132,79,41
2026-02-05,ENT012,cash_fill_accuracy,224,242,8806,11.67,103,67,59
2026-02-05,ENT013,retention_rate,98,88,6517,7.99,119,80,54
2026-02-05,ENT014,service_cost,211,219,5673,7.19,37,78,52
2026-02-05,ENT015,portfolio_value,192,211,7237,5.26,133,86,23
2026-02-05,ENT016,retention_rate,108,135,3987,8.03,239,83,61
2026-02-05,ENT017,service_cost,251,309,4019,8.14,22,83,48
2026-02-05,ENT018,cash_fill_accuracy,188,216,3513,5.1,201,92,42
2026-02-05,ENT019,retention_rate,84,95,6893,3.34,124,93,34
2026-02-05,ENT020,retention_rate,204,216,5171,14.39,143,63,75
2026-02-05,ENT021,exception_rate,115,98,1680,11.12,142,69,55
2026-02-05,ENT022,retention_rate,152,126,4910,2.99,112,99,32
2026-02-05,ENT023,portfolio_value,213,202,6301,11.41,74,70,66
2026-02-05,ENT024,exception_rate,178,226,5411,10.16,229,73,75
2026-02-06,ENT001,activation_rate,239,277,2205,12.83,223,64,73
2026-02-06,ENT002,cash_fill_accuracy,267,291,1037,8.39,14,81,56
2026-02-06,ENT003,portfolio_value,172,213,8515,4.76,73,93,24
2026-02-06,ENT004,portfolio_value,154,179,7379,11.48,229,71,53
2026-02-06,ENT005,activation_rate,228,292,4537,13.42,127,61,85
2026-02-06,ENT006,portfolio_value,82,73,1603,13.58,154,64,57
2026-02-06,ENT007,service_cost,122,112,3906,1.92,99,94,23
2026-02-06,ENT008,retention_rate,71,58,5521,6.28,109,86,41
2026-02-06,ENT009,exception_rate,261,206,3855,4.32,64,88,19
2026-02-06,ENT010,exception_rate,250,285,8095,8.62,101,76,48
2026-02-06,ENT011,retention_rate,148,166,5843,12.71,20,66,83
2026-02-06,ENT012,activation_rate,117,125,3904,6.24,65,88,27
2026-02-06,ENT013,retention_rate,220,205,497,7.23,129,86,61
2026-02-06,ENT014,service_cost,167,209,4855,7.34,109,84,39
2026-02-06,ENT015,service_cost,255,303,6089,12.19,49,68,83
2026-02-06,ENT016,service_cost,76,59,7288,7.82,69,81,55
2026-02-06,ENT017,retention_rate,128,150,8875,9.1,83,76,38
2026-02-06,ENT018,portfolio_value,115,99,3683,8.31,210,78,63
2026-02-06,ENT019,retention_rate,158,161,1567,5.72,61,85,47
2026-02-06,ENT020,retention_rate,194,235,3291,5.24,97,85,23
2026-02-06,ENT021,portfolio_value,144,135,3960,14.15,30,63,71
2026-02-06,ENT022,service_cost,196,184,8158,7.89,209,80,35
2026-02-06,ENT023,activation_rate,139,133,3276,2.89,48,93,39
2026-02-06,ENT024,retention_rate,103,112,6991,3.48,127,92,19
2026-02-07,ENT001,retention_rate,135,170,1558,4.87,193,88,19
2026-02-07,ENT002,portfolio_value,110,112,4711,13.19,145,61,70
2026-02-07,ENT003,service_cost,188,145,611,4.57,121,89,46
2026-02-07,ENT004,portfolio_value,108,109,7397,5.29,142,91,27
2026-02-07,ENT005,cash_fill_accuracy,106,92,4794,7.02,226,86,37
2026-02-07,ENT006,retention_rate,231,192,7235,3.11,58,92,27
2026-02-07,ENT007,portfolio_value,217,269,5965,2.9,51,96,39
2026-02-07,ENT008,exception_rate,116,144,3141,11.18,129,69,67
2026-02-07,ENT009,portfolio_value,199,251,4109,11.61,132,68,68
2026-02-07,ENT010,service_cost,104,93,3556,6.28,223,83,52
2026-02-07,ENT011,cash_fill_accuracy,276,248,1206,7.3,183,80,55
2026-02-07,ENT012,exception_rate,280,319,2467,6.45,78,87,59
2026-02-07,ENT013,portfolio_value,264,272,4020,13.94,29,66,85
2026-02-07,ENT014,exception_rate,167,134,8959,10.12,231,74,56
2026-02-07,ENT015,service_cost,123,118,121,5.41,68,85,26
2026-02-07,ENT016,service_cost,136,118,5399,13.13,209,63,58
2026-02-07,ENT017,exception_rate,76,74,5281,13.54,154,61,83
2026-02-07,ENT018,portfolio_value,239,232,3745,12.82,135,65,74
2026-02-07,ENT019,portfolio_value,85,81,3813,2.18,59,99,16
2026-02-07,ENT020,exception_rate,111,85,3736,12.04,63,68,50
2026-02-07,ENT021,retention_rate,189,240,4885,14.24,177,64,81
2026-02-07,ENT022,portfolio_value,171,149,4593,10.31,218,73,65
2026-02-07,ENT023,cash_fill_accuracy,194,167,702,6.8,168,87,29
2026-02-07,ENT024,portfolio_value,234,204,7815,7.76,98,78,65
2026-02-08,ENT001,service_cost,222,200,4979,11.13,113,74,69
2026-02-08,ENT002,service_cost,276,218,2118,9.31,84,77,41
2026-02-08,ENT003,retention_rate,191,227,2205,6.75,72,82,39
2026-02-08,ENT004,exception_rate,131,111,1909,2.63,89,94,20
2026-02-08,ENT005,service_cost,147,153,3949,3.54,96,94,36
2026-02-08,ENT006,exception_rate,250,303,5471,14.29,23,58,88
2026-02-08,ENT007,cash_fill_accuracy,171,215,7054,6.75,19,87,38
2026-02-08,ENT008,cash_fill_accuracy,106,124,6669,9.76,43,71,62
2026-02-08,ENT009,cash_fill_accuracy,72,80,5337,8.09,149,80,64
2026-02-08,ENT010,retention_rate,249,289,6661,14.5,102,57,83
2026-02-08,ENT011,cash_fill_accuracy,150,132,1301,2.79,148,97,18
2026-02-08,ENT012,activation_rate,276,226,7762,14.02,200,60,86
2026-02-08,ENT013,activation_rate,244,254,8922,6.66,183,85,50
2026-02-08,ENT014,service_cost,246,246,7314,9.94,163,75,68
2026-02-08,ENT015,service_cost,67,62,2914,8.15,31,82,59
2026-02-08,ENT016,cash_fill_accuracy,147,185,472,11.06,119,71,76
2026-02-08,ENT017,activation_rate,187,236,1800,11.4,229,72,79
2026-02-08,ENT018,retention_rate,242,184,833,11.4,51,69,72
2026-02-08,ENT019,service_cost,214,235,8256,14.34,42,62,74
2026-02-08,ENT020,activation_rate,111,89,7541,7.28,45,79,34
2026-02-08,ENT021,portfolio_value,210,210,2982,12.72,206,66,59
2026-02-08,ENT022,service_cost,272,337,8077,14.4,72,63,90
2026-02-08,ENT023,retention_rate,162,167,1008,4.16,215,95,32
2026-02-08,ENT024,activation_rate,161,124,7805,6.86,230,81,58
2026-02-09,ENT001,exception_rate,111,127,960,5.28,151,86,50
2026-02-09,ENT002,portfolio_value,182,222,6002,12.25,77,65,58
2026-02-09,ENT003,retention_rate,263,226,5689,3.68,20,96,39
2026-02-09,ENT004,exception_rate,108,114,7560,11.72,13,70,74
2026-02-09,ENT005,cash_fill_accuracy,258,204,7219,14.04,219,66,82
2026-02-09,ENT006,exception_rate,66,54,7941,9.03,152,77,57
2026-02-09,ENT007,retention_rate,147,176,7374,4.2,183,91,47
2026-02-09,ENT008,activation_rate,221,261,4878,8.58,108,75,61
2026-02-09,ENT009,exception_rate,82,103,2723,3.19,225,97,35
2026-02-09,ENT010,exception_rate,261,251,1165,6.56,155,85,33
2026-02-09,ENT011,activation_rate,227,216,5214,14.33,180,60,63
2026-02-09,ENT012,cash_fill_accuracy,154,136,7446,7.91,92,83,57
2026-02-09,ENT013,activation_rate,226,217,352,6.22,104,84,29
2026-02-09,ENT014,cash_fill_accuracy,276,290,400,4.46,179,94,34
2026-02-09,ENT015,cash_fill_accuracy,193,228,3517,7.91,60,80,50
2026-02-09,ENT016,retention_rate,238,300,5810,4.94,229,87,23
2026-02-09,ENT017,portfolio_value,181,199,303,8.87,134,81,34
2026-02-09,ENT018,retention_rate,81,62,3230,13.08,89,67,54
2026-02-09,ENT019,portfolio_value,91,110,2830,2.08,219,99,34
2026-02-09,ENT020,retention_rate,186,153,133,5.66,102,84,29
2026-02-09,ENT021,activation_rate,221,243,7930,14.12,29,63,68
2026-02-09,ENT022,service_cost,103,112,7937,1.56,213,98,30
2026-02-09,ENT023,cash_fill_accuracy,99,87,8855,5.21,28,87,32
2026-02-09,ENT024,service_cost,176,190,193,13.85,211,60,81
2026-02-10,ENT001,retention_rate,111,101,6984,3.26,74,97,27
2026-02-10,ENT002,activation_rate,158,160,4576,1.8,197,97,20
2026-02-10,ENT003,service_cost,109,114,5691,3.96,118,96,22
2026-02-10,ENT004,retention_rate,196,196,7547,5.03,146,92,33
2026-02-10,ENT005,cash_fill_accuracy,185,176,4213,13.82,218,65,80
2026-02-10,ENT006,exception_rate,89,74,1744,4.47,146,89,29
2026-02-10,ENT007,retention_rate,145,129,435,2.25,97,98,21
2026-02-10,ENT008,service_cost,269,226,6608,4.5,186,91,35
2026-02-10,ENT009,portfolio_value,272,280,2600,9.6,71,74,39
2026-02-10,ENT010,retention_rate,202,220,8731,10.99,169,73,77
2026-02-10,ENT011,service_cost,158,180,5338,8.26,147,78,43
2026-02-10,ENT012,cash_fill_accuracy,230,258,324,9.34,156,73,45
2026-02-10,ENT013,service_cost,119,108,1368,10.67,42,72,73
2026-02-10,ENT014,portfolio_value,185,157,8765,7.56,151,84,60
2026-02-10,ENT015,cash_fill_accuracy,235,197,2132,8.44,109,78,39
2026-02-10,ENT016,service_cost,160,141,1264,14.35,115,60,90
2026-02-10,ENT017,portfolio_value,260,218,4896,2.36,206,96,35
2026-02-10,ENT018,service_cost,191,210,3612,4.14,208,91,49
2026-02-10,ENT019,portfolio_value,171,200,4462,6.51,172,85,55
2026-02-10,ENT020,cash_fill_accuracy,171,180,4849,12.14,123,70,59
2026-02-10,ENT021,retention_rate,75,76,4877,13.27,67,66,74
2026-02-10,ENT022,portfolio_value,183,139,4653,8.45,233,75,38
2026-02-10,ENT023,retention_rate,113,118,4374,10.44,186,75,44
2026-02-10,ENT024,service_cost,189,210,7201,6.07,16,88,35
2026-02-11,ENT001,service_cost,155,152,7084,11.26,162,69,52
2026-02-11,ENT002,portfolio_value,157,198,6127,12.99,119,63,74
2026-02-11,ENT003,retention_rate,132,128,7986,6.48,119,82,34
2026-02-11,ENT004,activation_rate,173,130,5137,10.26,91,72,43
2026-02-11,ENT005,exception_rate,157,129,4607,7.45,232,78,64
2026-02-11,ENT006,service_cost,139,120,2969,8.02,223,78,63
2026-02-11,ENT007,service_cost,220,187,8737,11.15,56,68,55
2026-02-11,ENT008,portfolio_value,108,110,5092,10.61,192,70,67
2026-02-11,ENT009,portfolio_value,89,97,4611,4.25,136,91,16
2026-02-11,ENT010,service_cost,186,156,8654,7.56,219,85,48
2026-02-11,ENT011,retention_rate,79,85,5220,6.22,200,85,55
2026-02-11,ENT012,service_cost,228,212,5275,3.76,166,90,41
2026-02-11,ENT013,exception_rate,97,114,1578,8.32,79,83,38
2026-02-11,ENT014,portfolio_value,169,172,1669,10.4,12,70,60
2026-02-11,ENT015,activation_rate,193,162,1188,3.73,186,90,37
2026-02-11,ENT016,portfolio_value,149,124,4594,10.14,92,72,72
2026-02-11,ENT017,retention_rate,250,245,4069,4.58,154,91,21
2026-02-11,ENT018,activation_rate,203,183,5801,13.1,198,62,78
2026-02-11,ENT019,activation_rate,107,108,5547,7,224,82,49
2026-02-11,ENT020,exception_rate,166,121,2656,8.95,52,74,38
2026-02-11,ENT021,exception_rate,108,92,7959,8.22,116,78,66
2026-02-11,ENT022,retention_rate,222,160,933,9.97,231,74,54
2026-02-11,ENT023,activation_rate,150,183,5603,10.59,186,74,64
2026-02-11,ENT024,exception_rate,170,146,8681,3.12,132,92,21
2026-02-12,ENT001,portfolio_value,231,261,5363,12.69,68,67,74
2026-02-12,ENT002,service_cost,187,181,3326,6.1,31,82,26
2026-02-12,ENT003,exception_rate,145,152,2738,13.35,61,67,64
2026-02-12,ENT004,service_cost,86,95,5827,6.39,193,83,56
2026-02-12,ENT005,service_cost,242,230,2470,2.73,228,93,46
2026-02-12,ENT006,exception_rate,89,109,3176,4.34,200,91,26
2026-02-12,ENT007,portfolio_value,265,310,3490,5.39,183,92,52
2026-02-12,ENT008,service_cost,82,84,4710,4.23,102,94,26
2026-02-12,ENT009,cash_fill_accuracy,114,122,1708,6.33,19,88,30
2026-02-12,ENT010,exception_rate,168,124,297,5.31,207,89,54
2026-02-12,ENT011,exception_rate,179,183,1715,7.07,92,81,41
2026-02-12,ENT012,cash_fill_accuracy,142,133,7723,5.89,182,82,36
2026-02-12,ENT013,portfolio_value,175,186,1739,3.72,124,96,26
2026-02-12,ENT014,service_cost,260,307,4120,7.39,207,83,33
2026-02-12,ENT015,cash_fill_accuracy,120,138,5345,4.03,130,91,27
2026-02-12,ENT016,service_cost,66,55,114,5.4,77,90,48
2026-02-12,ENT017,exception_rate,245,245,6386,5.44,202,90,31
2026-02-12,ENT018,activation_rate,234,262,6932,6.74,130,84,28
2026-02-12,ENT019,portfolio_value,248,221,710,12.17,71,65,57
2026-02-12,ENT020,exception_rate,111,102,3510,7.53,120,84,59
2026-02-12,ENT021,portfolio_value,66,59,6786,13.27,30,61,71
2026-02-12,ENT022,service_cost,202,204,1718,10.26,141,72,48
2026-02-12,ENT023,exception_rate,211,255,6055,12.67,38,67,85
2026-02-12,ENT024,portfolio_value,138,144,4552,1.83,190,99,34
2026-02-13,ENT001,exception_rate,166,121,8154,7.26,187,86,61
2026-02-13,ENT002,activation_rate,93,89,8919,9.64,177,75,44
2026-02-13,ENT003,retention_rate,229,176,184,3.95,39,89,34
2026-02-13,ENT004,activation_rate,253,187,8422,1.62,169,99,10
2026-02-13,ENT005,retention_rate,131,119,3020,10.73,228,73,68
2026-02-13,ENT006,exception_rate,81,60,5073,7.31,179,83,59
2026-02-13,ENT007,cash_fill_accuracy,227,220,2736,1.71,202,99,14
2026-02-13,ENT008,activation_rate,159,137,3156,4.96,173,89,40
2026-02-13,ENT009,retention_rate,117,87,6914,12.25,56,67,61
2026-02-13,ENT010,activation_rate,154,139,3095,3.5,92,94,26
2026-02-13,ENT011,portfolio_value,269,242,2829,12.93,90,64,66
2026-02-13,ENT012,retention_rate,237,194,4246,7.71,91,79,33
2026-02-13,ENT013,activation_rate,204,222,4840,4.68,144,90,20
2026-02-13,ENT014,portfolio_value,118,129,7678,9.18,95,76,70
2026-02-13,ENT015,portfolio_value,126,93,3655,9.83,65,72,68
2026-02-13,ENT016,portfolio_value,252,197,1124,3.47,44,93,36
2026-02-13,ENT017,portfolio_value,179,199,4800,11.14,175,72,74
2026-02-13,ENT018,retention_rate,235,277,6370,7.09,138,86,27
2026-02-13,ENT019,retention_rate,138,156,4646,7.9,151,78,33
2026-02-13,ENT020,service_cost,216,246,1757,9.62,159,73,65
2026-02-13,ENT021,portfolio_value,179,183,2115,6.99,174,81,44
2026-02-13,ENT022,activation_rate,156,195,5256,3.73,178,92,25
2026-02-13,ENT023,retention_rate,136,135,1469,13.91,35,59,72
2026-02-13,ENT024,exception_rate,169,142,5889,2.3,107,99,36
2026-02-14,ENT001,portfolio_value,267,254,6178,10.88,58,73,51
2026-02-14,ENT002,service_cost,206,216,2199,3.39,174,91,39
2026-02-14,ENT003,activation_rate,89,76,3868,12.89,204,61,87
2026-02-14,ENT004,portfolio_value,182,231,5040,7.41,22,79,52
2026-02-14,ENT005,activation_rate,214,210,4784,6.73,87,81,37
2026-02-14,ENT006,service_cost,94,103,4680,8.1,90,84,39
2026-02-14,ENT007,activation_rate,106,126,8904,7.12,124,79,40
2026-02-14,ENT008,activation_rate,143,179,349,9.64,38,76,41
2026-02-14,ENT009,exception_rate,141,162,8722,8.71,185,79,47
2026-02-14,ENT010,retention_rate,207,211,3033,4.67,120,92,26
2026-02-14,ENT011,activation_rate,216,160,956,3.18,61,96,42
2026-02-14,ENT012,service_cost,181,167,2571,4.41,67,92,28
2026-02-14,ENT013,portfolio_value,93,79,7177,9.26,164,75,39
2026-02-14,ENT014,retention_rate,98,120,6132,3.66,235,90,22
2026-02-14,ENT015,exception_rate,157,152,5237,11.87,171,70,75
2026-02-14,ENT016,portfolio_value,246,300,5317,10.93,25,71,69
2026-02-14,ENT017,cash_fill_accuracy,253,278,3414,5.1,182,86,38
2026-02-14,ENT018,retention_rate,215,256,5707,13.42,179,61,82
2026-02-14,ENT019,retention_rate,235,244,7521,9.3,45,74,67
2026-02-14,ENT020,service_cost,98,103,2895,7.16,57,86,54
2026-02-14,ENT021,activation_rate,83,99,5853,10.18,59,77,60
2026-02-14,ENT022,exception_rate,174,211,3106,14.04,159,65,85
2026-02-14,ENT023,cash_fill_accuracy,247,296,7655,1.81,74,98,24
2026-02-14,ENT024,retention_rate,175,215,8151,7.85,86,82,40
2026-02-15,ENT001,retention_rate,255,224,1311,3.75,189,94,48
2026-02-15,ENT002,activation_rate,264,325,371,9.39,155,74,58
2026-02-15,ENT003,service_cost,130,135,1726,13.04,83,68,52
2026-02-15,ENT004,retention_rate,84,92,7867,12.49,38,64,56
2026-02-15,ENT005,portfolio_value,76,77,8521,8.32,169,83,65
2026-02-15,ENT006,exception_rate,164,134,245,14.11,152,63,63
2026-02-15,ENT007,retention_rate,172,212,8815,5.86,14,86,34
2026-02-15,ENT008,service_cost,109,85,7363,5.35,70,89,39
2026-02-15,ENT009,retention_rate,279,349,6775,11.65,173,70,66
2026-02-15,ENT010,exception_rate,224,211,6163,1.59,137,99,15
2026-02-15,ENT011,retention_rate,155,194,8562,12.43,156,64,51
2026-02-15,ENT012,retention_rate,132,156,3734,7.46,114,78,59
2026-02-15,ENT013,service_cost,230,271,7280,5.77,35,85,40
2026-02-15,ENT014,cash_fill_accuracy,182,191,4421,7.99,102,77,50
2026-02-15,ENT015,service_cost,214,233,3603,4.16,231,91,29
2026-02-15,ENT016,service_cost,67,80,3693,11.62,106,66,66
2026-02-15,ENT017,exception_rate,80,71,8561,13,161,66,58
2026-02-15,ENT018,retention_rate,235,200,8769,2.26,43,94,34
2026-02-15,ENT019,service_cost,189,232,1730,8.74,77,82,50
2026-02-15,ENT020,service_cost,73,74,5729,8.38,216,78,47
2026-02-15,ENT021,portfolio_value,116,115,5379,7.9,165,82,55
2026-02-15,ENT022,retention_rate,180,144,6897,3.08,186,92,16
2026-02-15,ENT023,exception_rate,276,268,6975,6.13,107,86,24
2026-02-15,ENT024,portfolio_value,123,137,111,12.09,158,64,67
2026-02-16,ENT001,retention_rate,116,100,6573,8.29,233,80,66
2026-02-16,ENT002,activation_rate,275,286,5029,13.91,78,64,90
2026-02-16,ENT003,portfolio_value,163,200,1763,6.52,169,83,42
2026-02-16,ENT004,exception_rate,220,222,4560,8.82,107,75,67
2026-02-16,ENT005,portfolio_value,214,214,8298,10.28,215,72,57
2026-02-16,ENT006,activation_rate,163,130,1167,9.98,179,77,68
2026-02-16,ENT007,portfolio_value,103,122,439,11.41,225,71,76
2026-02-16,ENT008,cash_fill_accuracy,186,190,1818,8.44,14,79,67
2026-02-16,ENT009,portfolio_value,250,310,2946,14.23,74,58,73
2026-02-16,ENT010,activation_rate,161,192,2930,3.28,44,95,26
2026-02-16,ENT011,exception_rate,275,294,4662,13.55,129,62,61
2026-02-16,ENT012,service_cost,83,95,2081,5.59,61,89,33
2026-02-16,ENT013,service_cost,201,161,5905,11.77,123,68,73
2026-02-16,ENT014,portfolio_value,189,147,793,3.57,142,94,35
2026-02-16,ENT015,exception_rate,136,146,3411,9.93,82,72,70
2026-02-16,ENT016,cash_fill_accuracy,222,218,7324,5.63,206,84,50
2026-02-16,ENT017,activation_rate,184,202,2043,11.79,107,66,53
2026-02-16,ENT018,activation_rate,194,215,3770,5.38,32,86,43
2026-02-16,ENT019,activation_rate,137,100,8659,1.85,170,99,11
2026-02-16,ENT020,service_cost,82,80,2378,11.74,182,70,54
2026-02-16,ENT021,activation_rate,237,294,8141,14.45,116,61,91
2026-02-16,ENT022,service_cost,157,185,3729,13.99,192,65,80
2026-02-16,ENT023,cash_fill_accuracy,225,277,1858,7.84,144,77,33
2026-02-16,ENT024,exception_rate,249,296,8450,11.84,182,68,80
2026-02-17,ENT001,exception_rate,106,87,1538,11.19,130,73,48
2026-02-17,ENT002,activation_rate,84,63,2157,6.46,188,85,39
2026-02-17,ENT003,retention_rate,269,237,5295,11.71,101,66,52
2026-02-17,ENT004,portfolio_value,263,208,2845,4.61,174,93,23
2026-02-17,ENT005,retention_rate,105,112,413,10.69,18,74,62
2026-02-17,ENT006,exception_rate,232,213,1237,9.61,48,78,54
2026-02-17,ENT007,cash_fill_accuracy,276,201,1816,1.54,24,99,32
2026-02-17,ENT008,cash_fill_accuracy,125,108,8166,12.5,130,65,74
2026-02-17,ENT009,service_cost,256,228,1337,12.9,224,61,75
2026-02-17,ENT010,retention_rate,239,184,3849,9.03,30,76,67
2026-02-17,ENT011,service_cost,174,211,6182,8.66,19,80,36
2026-02-17,ENT012,portfolio_value,81,81,3110,3.74,26,90,19
2026-02-17,ENT013,exception_rate,73,61,6041,9.05,169,80,49
2026-02-17,ENT014,exception_rate,206,262,4649,14.06,170,61,83
2026-02-17,ENT015,cash_fill_accuracy,246,246,2633,3.69,76,89,41
2026-02-17,ENT016,cash_fill_accuracy,192,198,2752,9.31,70,73,57
2026-02-17,ENT017,service_cost,68,56,3573,7.64,74,84,61
2026-02-17,ENT018,retention_rate,262,217,7913,5.82,48,83,38
2026-02-17,ENT019,cash_fill_accuracy,266,261,7323,13.49,77,65,64
2026-02-17,ENT020,exception_rate,118,119,5026,5.96,14,83,30
2026-02-17,ENT021,exception_rate,246,310,5975,8.41,51,78,54
2026-02-17,ENT022,portfolio_value,137,118,770,2.2,163,94,24
2026-02-17,ENT023,cash_fill_accuracy,147,122,5884,4.2,23,94,42
2026-02-17,ENT024,portfolio_value,198,238,8560,7.2,75,81,41
2026-02-18,ENT001,service_cost,105,86,3690,2.38,102,99,34
2026-02-18,ENT002,service_cost,237,178,6728,5.84,102,90,40
2026-02-18,ENT003,activation_rate,154,112,6947,11.22,31,72,51
2026-02-18,ENT004,retention_rate,152,146,3760,11.32,13,67,73
2026-02-18,ENT005,service_cost,139,129,1234,10.84,118,68,59
2026-02-18,ENT006,activation_rate,138,173,5392,4.17,144,90,41
2026-02-18,ENT007,cash_fill_accuracy,261,211,6457,9.23,107,79,37
2026-02-18,ENT008,service_cost,163,163,8488,14.36,50,60,62
2026-02-18,ENT009,service_cost,123,155,8282,7.34,106,83,33
2026-02-18,ENT010,portfolio_value,90,95,3822,8.35,112,75,40
2026-02-18,ENT011,portfolio_value,147,165,5518,3.14,147,93,34
2026-02-18,ENT012,cash_fill_accuracy,228,255,5626,10.14,183,70,59
2026-02-18,ENT013,cash_fill_accuracy,182,155,3986,8.69,194,77,48
2026-02-18,ENT014,activation_rate,160,123,858,14.34,61,58,63
2026-02-18,ENT015,service_cost,276,309,1469,2.17,165,94,40
2026-02-18,ENT016,retention_rate,159,124,5509,3.23,184,94,15
2026-02-18,ENT017,activation_rate,149,140,8334,9.98,169,72,47
2026-02-18,ENT018,retention_rate,230,288,4953,2.84,51,93,21
2026-02-18,ENT019,cash_fill_accuracy,174,129,5726,6.78,66,85,44
2026-02-18,ENT020,retention_rate,230,179,1331,8.99,58,81,45
2026-02-18,ENT021,portfolio_value,210,212,1871,10.56,164,74,53
2026-02-18,ENT022,retention_rate,210,151,7420,4.34,145,92,28
2026-02-18,ENT023,service_cost,151,146,8105,8.7,96,79,66
2026-02-18,ENT024,service_cost,98,99,4822,1.51,39,99,33
2026-02-19,ENT001,service_cost,261,277,5980,14.04,201,58,69
2026-02-19,ENT002,cash_fill_accuracy,257,262,268,8.07,181,81,42
2026-02-19,ENT003,retention_rate,222,240,3574,3.93,168,89,21
2026-02-19,ENT004,portfolio_value,97,100,1649,4.67,140,88,32
2026-02-19,ENT005,exception_rate,116,117,2599,2.3,194,95,21
2026-02-19,ENT006,exception_rate,129,107,2962,14.04,228,59,70
2026-02-19,ENT007,cash_fill_accuracy,113,92,1182,5.72,82,83,24
2026-02-19,ENT008,retention_rate,159,188,4937,14.11,146,60,61
2026-02-19,ENT009,portfolio_value,161,116,5583,13.47,171,62,64
2026-02-19,ENT010,activation_rate,259,192,8906,7.03,134,86,55
2026-02-19,ENT011,service_cost,114,113,6213,5.61,210,84,58
2026-02-19,ENT012,cash_fill_accuracy,249,224,1747,10.25,77,72,45
2026-02-19,ENT013,exception_rate,274,307,7187,11.99,53,69,72
2026-02-19,ENT014,activation_rate,248,248,3277,8.58,202,78,46
2026-02-19,ENT015,service_cost,227,284,2349,12.38,132,70,58
2026-02-19,ENT016,retention_rate,146,137,6596,10.25,181,71,73
2026-02-19,ENT017,service_cost,253,210,4819,5.51,104,90,53
2026-02-19,ENT018,exception_rate,159,148,7633,11.98,57,71,71
2026-02-19,ENT019,activation_rate,158,183,5186,13.1,230,64,81
2026-02-19,ENT020,portfolio_value,88,106,7939,3.05,29,91,17
2026-02-19,ENT021,activation_rate,252,305,1046,5.98,23,88,56
2026-02-19,ENT022,activation_rate,86,106,8548,8.32,240,76,63
2026-02-19,ENT023,portfolio_value,183,143,8720,12.09,88,72,51
2026-02-19,ENT024,retention_rate,131,156,3848,14.35,106,60,78
2026-02-20,ENT001,activation_rate,131,101,3591,3.61,82,94,31
2026-02-20,ENT002,retention_rate,152,169,2210,12.42,154,65,84
2026-02-20,ENT003,service_cost,70,88,3182,4.95,96,86,41
2026-02-20,ENT004,service_cost,144,176,2011,2.62,215,97,20
2026-02-20,ENT005,retention_rate,103,75,7495,5.87,214,88,56
2026-02-20,ENT006,retention_rate,79,89,3347,10.89,118,72,59
2026-02-20,ENT007,service_cost,154,131,1802,4.51,74,91,23
2026-02-20,ENT008,activation_rate,241,306,1894,2.1,165,99,26
2026-02-20,ENT009,activation_rate,89,103,4034,11.49,16,72,61
2026-02-20,ENT010,portfolio_value,268,255,622,14.1,228,62,91
2026-02-20,ENT011,cash_fill_accuracy,265,297,5125,1.92,189,98,27
2026-02-20,ENT012,retention_rate,138,132,3659,5.78,224,84,53
2026-02-20,ENT013,exception_rate,148,139,7482,10.5,111,75,68
2026-02-20,ENT014,exception_rate,72,73,1237,4.17,126,88,26
2026-02-20,ENT015,activation_rate,153,121,1013,5.55,43,84,33
2026-02-20,ENT016,exception_rate,225,281,8164,4.44,206,88,45
2026-02-20,ENT017,activation_rate,260,291,1591,10.14,102,77,54
2026-02-20,ENT018,exception_rate,165,139,4169,13.01,141,62,66
2026-02-20,ENT019,exception_rate,137,100,326,2.06,37,94,19
2026-02-20,ENT020,cash_fill_accuracy,279,304,8047,12.6,160,65,56
2026-02-20,ENT021,retention_rate,116,116,2028,8.96,165,78,58
2026-02-20,ENT022,activation_rate,177,133,172,5.28,152,86,35
2026-02-20,ENT023,portfolio_value,244,293,1239,8.37,236,76,53
2026-02-20,ENT024,cash_fill_accuracy,103,78,5560,3.56,134,89,19
2026-02-21,ENT001,exception_rate,187,183,2857,9.76,137,76,51
2026-02-21,ENT002,portfolio_value,196,249,7458,8.42,39,82,63
2026-02-21,ENT003,retention_rate,209,153,7086,6.65,135,85,42
2026-02-21,ENT004,retention_rate,180,139,3652,13.39,183,60,85
2026-02-21,ENT005,cash_fill_accuracy,222,175,3301,6.61,202,80,34
2026-02-21,ENT006,service_cost,130,120,334,8.61,144,82,46
2026-02-21,ENT007,portfolio_value,118,136,8517,9.36,35,77,50
2026-02-21,ENT008,retention_rate,161,204,5970,10.9,137,69,75
2026-02-21,ENT009,activation_rate,108,135,7737,10.83,205,75,58
2026-02-21,ENT010,exception_rate,126,155,7327,2.82,126,97,34
2026-02-21,ENT011,service_cost,196,165,1338,7.21,123,79,34
2026-02-21,ENT012,retention_rate,158,152,7938,1.7,56,96,38
2026-02-21,ENT013,exception_rate,86,74,7860,12.03,106,65,55
2026-02-21,ENT014,service_cost,151,172,4137,11.77,105,68,79
2026-02-21,ENT015,portfolio_value,162,154,4353,8.19,22,82,44
2026-02-21,ENT016,cash_fill_accuracy,97,98,5676,2.15,233,95,32
2026-02-21,ENT017,retention_rate,104,92,523,4.06,215,89,20
2026-02-21,ENT018,retention_rate,201,189,2843,1.96,205,99,12
2026-02-21,ENT019,exception_rate,85,74,5842,11.54,154,73,60
2026-02-21,ENT020,service_cost,149,164,4922,13.36,53,61,68
2026-02-21,ENT021,retention_rate,247,198,5575,11.07,43,68,70
2026-02-21,ENT022,service_cost,86,98,7302,2.64,96,99,41
2026-02-21,ENT023,portfolio_value,174,184,8164,7.77,150,84,43
2026-02-21,ENT024,retention_rate,88,101,3189,8.24,42,76,41
2026-02-22,ENT001,activation_rate,92,110,3421,9.44,135,76,39
2026-02-22,ENT002,activation_rate,77,61,4226,1.84,138,99,35
2026-02-22,ENT003,cash_fill_accuracy,129,103,991,4.65,211,91,51
2026-02-22,ENT004,service_cost,146,108,7608,9.43,48,75,63
2026-02-22,ENT005,retention_rate,217,195,6384,5.83,239,90,23
2026-02-22,ENT006,activation_rate,260,211,7784,11.35,236,74,68
2026-02-22,ENT007,exception_rate,219,212,5916,14.24,203,64,78
2026-02-22,ENT008,retention_rate,156,122,8168,11.36,151,72,63
2026-02-22,ENT009,activation_rate,260,231,5184,11.16,221,67,54
2026-02-22,ENT010,retention_rate,108,137,6083,1.72,71,97,26
2026-02-22,ENT011,cash_fill_accuracy,205,150,5087,13.85,106,65,71
2026-02-22,ENT012,retention_rate,195,140,4472,6.22,204,89,42
2026-02-22,ENT013,activation_rate,211,213,4617,1.64,63,96,34
2026-02-22,ENT014,exception_rate,197,144,5765,6.28,14,86,47
2026-02-22,ENT015,retention_rate,202,172,3648,11.03,20,69,58
2026-02-22,ENT016,portfolio_value,156,123,5743,9.96,65,71,73
2026-02-22,ENT017,cash_fill_accuracy,201,203,5717,9.72,96,75,65
2026-02-22,ENT018,activation_rate,274,222,5251,4.1,208,90,31
2026-02-22,ENT019,exception_rate,245,225,2980,4.65,162,92,48
2026-02-22,ENT020,activation_rate,178,157,4060,10.3,52,75,70
2026-02-22,ENT021,portfolio_value,67,78,5754,7.11,82,85,53
2026-02-22,ENT022,cash_fill_accuracy,116,124,3658,11.04,118,67,64
2026-02-22,ENT023,cash_fill_accuracy,80,82,704,10.79,182,71,53
2026-02-22,ENT024,retention_rate,215,237,1116,5.72,31,86,53
2026-02-23,ENT001,retention_rate,212,227,7154,8.81,129,75,41
2026-02-23,ENT002,service_cost,176,132,799,1.72,125,97,33
2026-02-23,ENT003,activation_rate,234,278,8513,10.83,77,72,61
2026-02-23,ENT004,cash_fill_accuracy,251,306,8226,5.47,97,84,48
2026-02-23,ENT005,retention_rate,104,95,8582,8.08,235,80,66
2026-02-23,ENT006,portfolio_value,76,75,6105,13.52,155,63,63
2026-02-23,ENT007,retention_rate,82,68,7582,3.42,188,96,19
2026-02-23,ENT008,activation_rate,84,102,1717,3.57,123,96,21
2026-02-23,ENT009,portfolio_value,208,152,4939,2.43,59,96,9
2026-02-23,ENT010,retention_rate,115,105,2944,3.59,139,94,19
2026-02-23,ENT011,cash_fill_accuracy,211,203,2078,4.44,62,93,44
2026-02-23,ENT012,cash_fill_accuracy,189,138,3217,4.81,212,90,38
2026-02-23,ENT013,service_cost,268,297,5202,6.64,62,85,51
2026-02-23,ENT014,retention_rate,190,182,2141,4.84,240,90,20
2026-02-23,ENT015,service_cost,272,237,1328,8.08,48,83,41
2026-02-23,ENT016,cash_fill_accuracy,210,158,8287,11.72,17,69,47
2026-02-23,ENT017,exception_rate,163,145,5667,13.77,140,60,69
2026-02-23,ENT018,service_cost,231,286,6296,8.96,168,81,52
2026-02-23,ENT019,exception_rate,268,241,1975,12.76,156,64,71
2026-02-23,ENT020,service_cost,252,202,4267,11.62,104,73,47
2026-02-23,ENT021,exception_rate,127,137,7783,8.14,75,77,56
2026-02-23,ENT022,retention_rate,195,191,867,5.38,93,86,35
2026-02-23,ENT023,exception_rate,125,95,5820,8.18,57,82,65
2026-02-23,ENT024,exception_rate,236,278,5955,2.59,131,99,23
2026-02-24,ENT001,portfolio_value,102,96,321,4.33,226,88,28
2026-02-24,ENT002,service_cost,72,91,7690,7.32,188,82,58
2026-02-24,ENT003,activation_rate,122,153,1977,14.31,227,58,84
2026-02-24,ENT004,service_cost,111,81,2083,6.47,217,83,28
2026-02-24,ENT005,service_cost,164,133,3964,8.18,155,76,52
2026-02-24,ENT006,retention_rate,95,116,4697,12.76,174,66,53
2026-02-24,ENT007,portfolio_value,244,203,2563,3.38,114,94,38
2026-02-24,ENT008,portfolio_value,74,56,8842,3.87,27,93,16
2026-02-24,ENT009,service_cost,103,98,8875,3.8,228,95,23
2026-02-24,ENT010,service_cost,100,124,6196,4.44,231,89,35
2026-02-24,ENT011,exception_rate,187,137,7006,3.88,200,92,34
2026-02-24,ENT012,portfolio_value,134,142,7439,12.17,142,64,77
2026-02-24,ENT013,portfolio_value,270,273,1453,5.59,14,89,33
2026-02-24,ENT014,retention_rate,165,144,434,1.87,87,94,40
2026-02-24,ENT015,retention_rate,212,206,2055,9.57,172,75,57
2026-02-24,ENT016,portfolio_value,117,137,6538,7.51,235,84,52
2026-02-24,ENT017,retention_rate,84,96,8934,6.18,114,85,26
2026-02-24,ENT018,portfolio_value,186,179,3112,9.31,158,80,40
2026-02-24,ENT019,exception_rate,74,73,6373,5.5,59,90,41
2026-02-24,ENT020,exception_rate,96,77,6581,2.79,210,97,29
2026-02-24,ENT021,service_cost,174,148,1271,2.47,105,99,25
2026-02-24,ENT022,cash_fill_accuracy,87,80,3870,2.82,178,92,20
2026-02-24,ENT023,service_cost,94,115,8101,6.93,13,83,44
2026-02-24,ENT024,activation_rate,171,169,8705,8.69,204,76,46
2026-02-25,ENT001,exception_rate,233,170,7093,8.66,138,82,50
2026-02-25,ENT002,activation_rate,255,240,1964,8.18,115,77,52
2026-02-25,ENT003,exception_rate,88,88,539,7.45,71,78,51
2026-02-25,ENT004,cash_fill_accuracy,259,199,5824,7.64,127,85,32
2026-02-25,ENT005,activation_rate,91,68,6666,4.18,25,89,36
2026-02-25,ENT006,exception_rate,243,207,6268,9.99,167,76,56
2026-02-25,ENT007,portfolio_value,224,271,8900,4.86,162,88,52
2026-02-25,ENT008,service_cost,92,99,472,5.85,122,90,30
2026-02-25,ENT009,service_cost,145,115,3254,11.73,153,66,77
2026-02-25,ENT010,exception_rate,70,89,8512,3.56,79,90,42
2026-02-25,ENT011,exception_rate,162,167,1117,14.26,103,59,74
2026-02-25,ENT012,retention_rate,78,64,4795,7.28,109,79,40
2026-02-25,ENT013,cash_fill_accuracy,71,90,5278,6.29,113,87,32
2026-02-25,ENT014,portfolio_value,209,167,1122,8.01,56,77,46
2026-02-25,ENT015,cash_fill_accuracy,131,164,3797,3.01,59,92,31
2026-02-25,ENT016,exception_rate,222,180,4879,13.67,236,67,88
2026-02-25,ENT017,retention_rate,113,94,8473,6.1,71,84,39
2026-02-25,ENT018,retention_rate,93,99,3983,14.19,80,64,66
2026-02-25,ENT019,retention_rate,66,60,4108,7.73,82,81,47
2026-02-25,ENT020,exception_rate,134,127,5348,11.53,203,67,57
2026-02-25,ENT021,exception_rate,222,195,4815,7.66,81,78,55
2026-02-25,ENT022,portfolio_value,257,280,1995,10.75,135,72,72
2026-02-25,ENT023,service_cost,256,317,3290,4.3,115,90,23
2026-02-25,ENT024,exception_rate,95,76,2598,11.11,165,74,55
2026-02-26,ENT001,cash_fill_accuracy,271,287,354,11.74,87,72,46
2026-02-26,ENT002,retention_rate,195,244,7515,10.08,209,76,58
2026-02-26,ENT003,exception_rate,268,311,7743,11.87,218,69,54
2026-02-26,ENT004,service_cost,205,260,2648,7.44,57,85,45
2026-02-26,ENT005,service_cost,272,267,6297,10.38,153,74,47
2026-02-26,ENT006,service_cost,72,74,6838,9.34,66,77,42
2026-02-26,ENT007,exception_rate,236,288,2264,1.87,113,99,38
2026-02-26,ENT008,portfolio_value,161,200,3289,6.33,41,83,36
2026-02-26,ENT009,portfolio_value,160,117,3330,12.88,228,66,70
2026-02-26,ENT010,exception_rate,86,106,4796,3.47,156,97,28
2026-02-26,ENT011,exception_rate,217,169,3565,1.98,94,95,19
2026-02-26,ENT012,retention_rate,122,115,3012,11.34,58,67,66
2026-02-26,ENT013,exception_rate,222,198,4053,6.8,155,82,37
2026-02-26,ENT014,activation_rate,249,301,6916,11.16,23,69,69
2026-02-26,ENT015,service_cost,190,154,6757,5.14,119,92,24
2026-02-26,ENT016,activation_rate,276,221,1002,10.8,52,68,51
2026-02-26,ENT017,portfolio_value,237,206,8386,9.98,119,73,46
2026-02-26,ENT018,cash_fill_accuracy,174,191,1584,9.87,124,72,44
2026-02-26,ENT019,cash_fill_accuracy,272,307,3186,8.57,35,75,65
2026-02-26,ENT020,exception_rate,198,182,6064,3.79,198,96,25
2026-02-26,ENT021,service_cost,122,142,3563,5.51,197,84,51
2026-02-26,ENT022,retention_rate,149,185,4641,13.83,237,64,64
2026-02-26,ENT023,cash_fill_accuracy,75,68,7195,13.76,32,61,75
2026-02-26,ENT024,service_cost,137,145,937,13.18,218,65,70
2026-02-27,ENT001,service_cost,149,152,8736,6.76,127,84,38
2026-02-27,ENT002,exception_rate,276,298,5866,9.03,144,79,65
2026-02-27,ENT003,portfolio_value,206,192,2606,13.45,193,68,54
2026-02-27,ENT004,service_cost,157,188,4740,7.59,66,81,34
2026-02-27,ENT005,activation_rate,79,64,3615,5.36,220,88,47
2026-02-27,ENT006,retention_rate,260,218,4656,5.22,86,86,49
2026-02-27,ENT007,activation_rate,120,98,5155,4.65,33,88,50
2026-02-27,ENT008,service_cost,139,135,1606,5.42,156,84,22
2026-02-27,ENT009,exception_rate,245,201,8745,10.19,221,74,66
2026-02-27,ENT010,exception_rate,263,258,1102,9.94,80,72,48
2026-02-27,ENT011,retention_rate,271,341,8977,1.63,96,97,20
2026-02-27,ENT012,exception_rate,206,161,3126,9.83,221,74,45
2026-02-27,ENT013,portfolio_value,253,319,5228,8.43,220,83,51
2026-02-27,ENT014,cash_fill_accuracy,266,277,4914,2.47,144,95,26
2026-02-27,ENT015,activation_rate,174,204,4444,9.95,133,73,54
2026-02-27,ENT016,exception_rate,85,109,3747,8.72,227,77,62
2026-02-27,ENT017,portfolio_value,66,79,6086,4.5,197,87,28
2026-02-27,ENT018,cash_fill_accuracy,275,212,8658,11.87,76,67,52
2026-02-27,ENT019,exception_rate,129,144,4922,13.4,239,64,76
2026-02-27,ENT020,exception_rate,175,186,7536,13.79,141,63,62
2026-02-27,ENT021,retention_rate,212,265,2733,7.08,22,83,51
2026-02-27,ENT022,retention_rate,117,150,5598,12.95,130,61,84
2026-02-27,ENT023,cash_fill_accuracy,143,146,2177,13.08,172,65,66
2026-02-27,ENT024,retention_rate,263,318,1413,8.5,164,78,35
2026-02-28,ENT001,exception_rate,68,64,663,3.14,138,91,20
2026-02-28,ENT002,portfolio_value,75,82,7533,4.31,108,95,35
2026-02-28,ENT003,retention_rate,144,108,2052,14.3,34,65,83
2026-02-28,ENT004,exception_rate,164,126,8677,13.06,43,61,57
2026-02-28,ENT005,cash_fill_accuracy,224,177,1607,9.9,194,71,75
2026-02-28,ENT006,retention_rate,250,293,201,8.29,46,79,52
2026-02-28,ENT007,portfolio_value,199,247,6623,13.69,47,60,74
2026-02-28,ENT008,activation_rate,154,191,8723,6.46,213,83,39
2026-02-28,ENT009,exception_rate,116,147,3532,9.85,184,77,68
2026-02-28,ENT010,exception_rate,126,132,5714,6.01,209,86,24
2026-02-28,ENT011,portfolio_value,83,91,5288,12.1,91,70,49
2026-02-28,ENT012,service_cost,110,110,8403,4.44,201,87,19
2026-02-28,ENT013,exception_rate,179,202,640,2.74,219,92,27
2026-02-28,ENT014,activation_rate,78,79,2285,2.36,182,99,28
2026-02-28,ENT015,activation_rate,139,161,1518,1.69,167,97,27
2026-02-28,ENT016,portfolio_value,153,132,6348,7.53,221,82,47
2026-02-28,ENT017,cash_fill_accuracy,126,161,1215,5.59,73,89,56
2026-02-28,ENT018,retention_rate,82,84,4500,12.98,239,64,87
2026-02-28,ENT019,activation_rate,202,210,3942,4.84,164,91,52
2026-02-28,ENT020,portfolio_value,220,169,1881,14,34,60,71
2026-02-28,ENT021,portfolio_value,237,211,852,13.68,93,59,73
2026-02-28,ENT022,portfolio_value,144,181,884,12.28,200,64,57
2026-02-28,ENT023,service_cost,244,205,8507,9.23,89,78,64
2026-02-28,ENT024,service_cost,279,234,3947,6.91,91,86,44
2026-03-01,ENT001,exception_rate,71,53,307,13.57,60,63,74
2026-03-01,ENT002,retention_rate,84,81,7419,11.45,117,68,56
2026-03-01,ENT003,service_cost,162,196,7396,6.8,65,82,38
2026-03-01,ENT004,cash_fill_accuracy,111,100,4345,6.05,161,84,54
2026-03-01,ENT005,portfolio_value,182,191,5491,9.08,99,80,54
2026-03-01,ENT006,exception_rate,184,145,5101,6.44,47,87,50
2026-03-01,ENT007,activation_rate,204,208,6869,6.73,106,84,43
2026-03-01,ENT008,portfolio_value,174,165,4492,3.02,15,91,35
2026-03-01,ENT009,exception_rate,191,143,713,8.28,226,77,57
2026-03-01,ENT010,exception_rate,110,108,2387,3.95,47,91,18
2026-03-01,ENT011,activation_rate,111,84,502,9.51,117,77,37
2026-03-01,ENT012,portfolio_value,95,118,6502,13.16,113,64,63
2026-03-01,ENT013,retention_rate,67,70,2197,10.53,118,74,61
2026-03-01,ENT014,cash_fill_accuracy,204,186,8429,8.46,181,77,36
2026-03-01,ENT015,activation_rate,192,169,4869,6.85,118,84,35
2026-03-01,ENT016,cash_fill_accuracy,179,199,4264,10.57,236,72,57
2026-03-01,ENT017,portfolio_value,135,107,4566,6.43,26,88,50
2026-03-01,ENT018,exception_rate,193,141,6314,9.21,60,79,58
2026-03-01,ENT019,exception_rate,248,295,6021,7.75,19,78,44
2026-03-01,ENT020,portfolio_value,112,138,1286,6.13,166,89,53
2026-03-01,ENT021,activation_rate,211,217,7599,3.87,91,95,31
2026-03-01,ENT022,retention_rate,263,208,6590,6.21,209,88,24
2026-03-01,ENT023,activation_rate,220,198,4085,12.48,76,67,51
2026-03-01,ENT024,retention_rate,259,210,1771,8.48,146,78,57
2026-03-02,ENT001,portfolio_value,251,271,7312,1.99,114,96,29
2026-03-02,ENT002,cash_fill_accuracy,202,230,2657,10.23,18,70,63
2026-03-02,ENT003,activation_rate,183,146,4345,12.56,208,64,79
2026-03-02,ENT004,portfolio_value,153,150,1702,11.04,195,69,45
2026-03-02,ENT005,cash_fill_accuracy,131,97,4876,4.2,14,94,39
2026-03-02,ENT006,exception_rate,258,227,6457,3.82,20,89,49
2026-03-02,ENT007,service_cost,138,152,8323,3.79,221,96,43
2026-03-02,ENT008,portfolio_value,219,180,6676,4.96,105,90,30
2026-03-02,ENT009,retention_rate,81,70,6622,5.17,57,92,21
2026-03-02,ENT010,activation_rate,278,292,3865,6.28,67,89,51
2026-03-02,ENT011,exception_rate,222,180,4856,12.22,41,68,54
2026-03-02,ENT012,cash_fill_accuracy,264,201,5147,5.19,132,87,32
2026-03-02,ENT013,exception_rate,253,288,6197,3.86,170,93,40
2026-03-02,ENT014,portfolio_value,141,168,8214,8.67,16,81,40
2026-03-02,ENT015,exception_rate,65,73,5779,3.18,165,96,18
2026-03-02,ENT016,retention_rate,129,116,4108,11.42,75,66,75
2026-03-02,ENT017,service_cost,80,94,2403,3.46,167,96,24
2026-03-02,ENT018,service_cost,184,204,6774,12.84,182,66,62
2026-03-02,ENT019,exception_rate,82,75,1325,11.26,69,70,58
2026-03-02,ENT020,activation_rate,114,113,2326,8.14,195,77,60
2026-03-02,ENT021,retention_rate,202,226,8122,11.45,211,66,61
2026-03-02,ENT022,portfolio_value,132,103,5353,5.39,201,87,41
2026-03-02,ENT023,cash_fill_accuracy,176,224,4721,10.31,31,76,62
2026-03-02,ENT024,portfolio_value,118,116,8187,3.58,73,96,30
2026-03-03,ENT001,exception_rate,112,112,5709,13.56,126,60,88
2026-03-03,ENT002,service_cost,168,166,1533,9.68,168,78,55
2026-03-03,ENT003,exception_rate,178,169,7594,4.46,218,87,43
2026-03-03,ENT004,portfolio_value,71,77,4014,3.72,204,90,31
2026-03-03,ENT005,portfolio_value,82,68,519,12.81,79,68,76
2026-03-03,ENT006,cash_fill_accuracy,75,80,2517,7.84,181,77,66
2026-03-03,ENT007,cash_fill_accuracy,268,239,6725,2.09,230,94,9
2026-03-03,ENT008,activation_rate,149,167,8505,12.35,174,68,58
2026-03-03,ENT009,activation_rate,95,105,3062,3.46,130,93,27
2026-03-03,ENT010,service_cost,99,106,7281,5.78,114,88,55
2026-03-03,ENT011,retention_rate,119,104,4054,2.85,14,98,32
2026-03-03,ENT012,retention_rate,127,149,5376,4.99,32,91,46
2026-03-03,ENT013,cash_fill_accuracy,269,301,2248,10.04,226,73,44
2026-03-03,ENT014,portfolio_value,83,66,6579,7.16,73,81,52
2026-03-03,ENT015,exception_rate,189,217,6678,10.67,90,75,58
2026-03-03,ENT016,retention_rate,241,229,5801,6.93,55,86,30
2026-03-03,ENT017,retention_rate,217,273,1059,9.36,205,75,64
2026-03-03,ENT018,portfolio_value,118,87,784,13.41,166,64,71
2026-03-03,ENT019,activation_rate,213,170,88,7.73,182,81,64
2026-03-03,ENT020,service_cost,112,108,3809,2.25,69,99,23
2026-03-03,ENT021,retention_rate,116,148,7637,8.48,21,78,35
2026-03-03,ENT022,activation_rate,108,121,8803,10.72,51,70,46
2026-03-03,ENT023,portfolio_value,277,302,1696,6.47,133,82,40
2026-03-03,ENT024,portfolio_value,251,203,3046,11.77,132,68,58
2026-03-04,ENT001,exception_rate,71,61,8522,5.74,204,91,26
2026-03-04,ENT002,service_cost,203,246,5641,9.06,72,76,43
2026-03-04,ENT003,service_cost,176,172,7307,10.61,132,71,66
2026-03-04,ENT004,service_cost,126,110,7857,2.08,76,97,19
2026-03-04,ENT005,portfolio_value,106,81,4327,3.73,32,91,24
2026-03-04,ENT006,retention_rate,154,166,2680,3.15,120,97,42
2026-03-04,ENT007,exception_rate,272,286,8966,2.13,29,94,23
2026-03-04,ENT008,retention_rate,92,109,5441,2.54,195,99,22
2026-03-04,ENT009,cash_fill_accuracy,168,186,826,9.31,40,75,40
2026-03-04,ENT010,exception_rate,172,177,3079,11.49,92,72,60
2026-03-04,ENT011,portfolio_value,207,257,3873,6.28,19,85,58
2026-03-04,ENT012,activation_rate,106,92,1535,14.28,100,64,76
2026-03-04,ENT013,service_cost,129,108,8946,7.63,197,79,31
2026-03-04,ENT014,activation_rate,66,66,1774,11.32,113,70,51
2026-03-04,ENT015,service_cost,189,172,3305,13.57,187,67,66
2026-03-04,ENT016,service_cost,157,155,2575,10.19,92,71,47
2026-03-04,ENT017,exception_rate,210,227,175,14.06,135,59,64
2026-03-04,ENT018,service_cost,109,124,3318,3.69,86,97,40
2026-03-04,ENT019,cash_fill_accuracy,132,132,5857,5.78,53,86,35
2026-03-04,ENT020,cash_fill_accuracy,261,287,6771,12.92,17,66,72
2026-03-04,ENT021,activation_rate,130,159,4674,9.27,58,78,52
2026-03-04,ENT022,exception_rate,172,126,4039,13.36,146,67,55
2026-03-04,ENT023,portfolio_value,91,66,6359,7.95,164,82,44
2026-03-04,ENT024,activation_rate,251,251,4110,3.9,182,92,36
2026-03-05,ENT001,service_cost,170,195,4243,4.19,60,95,27
2026-03-05,ENT002,retention_rate,155,144,963,10.91,202,74,46
2026-03-05,ENT003,retention_rate,257,236,4801,10.39,45,69,65
2026-03-05,ENT004,retention_rate,204,257,3117,14.32,214,63,58
2026-03-05,ENT005,retention_rate,107,132,3679,14.01,124,65,62
2026-03-05,ENT006,service_cost,207,180,736,3.65,167,96,15
2026-03-05,ENT007,activation_rate,99,123,6326,7.67,25,85,59
2026-03-05,ENT008,service_cost,230,228,4095,8.12,199,78,33
2026-03-05,ENT009,activation_rate,71,87,4015,6.18,124,88,54
2026-03-05,ENT010,portfolio_value,74,78,1775,9.66,187,73,55
2026-03-05,ENT011,exception_rate,84,106,3397,11.63,93,68,73
2026-03-05,ENT012,retention_rate,251,301,8042,12.03,225,64,78
2026-03-05,ENT013,cash_fill_accuracy,114,98,2521,4.43,50,90,19
2026-03-05,ENT014,cash_fill_accuracy,177,181,3198,5.81,180,87,53
2026-03-05,ENT015,activation_rate,171,185,2551,12.38,125,63,66
2026-03-05,ENT016,exception_rate,222,195,7732,11.53,160,67,79
2026-03-05,ENT017,portfolio_value,209,180,1625,10.74,239,74,46
2026-03-05,ENT018,service_cost,111,130,4820,5.69,72,87,30
2026-03-05,ENT019,retention_rate,243,311,6566,4.29,120,91,49
2026-03-05,ENT020,portfolio_value,125,115,5558,2.87,98,99,10
2026-03-05,ENT021,portfolio_value,255,207,8910,5.38,232,84,25
2026-03-05,ENT022,portfolio_value,142,132,7150,7.71,18,80,48
2026-03-05,ENT023,activation_rate,104,132,5532,12,190,67,80
2026-03-05,ENT024,activation_rate,190,139,4610,6.06,141,85,28
2026-03-06,ENT001,cash_fill_accuracy,72,57,1436,11.86,144,69,73
2026-03-06,ENT002,cash_fill_accuracy,138,152,2476,8,176,78,65
2026-03-06,ENT003,portfolio_value,128,122,3620,12.41,110,65,76
2026-03-06,ENT004,cash_fill_accuracy,247,267,8673,12.9,163,62,60
2026-03-06,ENT005,portfolio_value,262,215,6023,5.96,209,83,44
2026-03-06,ENT006,cash_fill_accuracy,213,219,1623,13.49,26,67,56
2026-03-06,ENT007,service_cost,179,131,1235,12.68,230,65,67
2026-03-06,ENT008,portfolio_value,154,111,4390,12.92,45,66,73
2026-03-06,ENT009,service_cost,276,232,1124,6.73,94,86,51
2026-03-06,ENT010,cash_fill_accuracy,81,66,7191,2.84,188,99,26
2026-03-06,ENT011,portfolio_value,261,245,3941,11.26,102,68,77
2026-03-06,ENT012,activation_rate,233,198,5861,6.44,125,82,57
2026-03-06,ENT013,retention_rate,132,98,6031,11.5,37,70,50
2026-03-06,ENT014,retention_rate,128,100,4640,4.51,150,94,19
2026-03-06,ENT015,retention_rate,84,64,4617,10.84,84,70,60
2026-03-06,ENT016,service_cost,187,226,1123,4.54,62,92,40
2026-03-06,ENT017,retention_rate,201,187,592,8.85,169,76,46
2026-03-06,ENT018,retention_rate,131,122,6884,5.71,85,90,54
2026-03-06,ENT019,retention_rate,143,136,1301,5.38,193,88,32
2026-03-06,ENT020,service_cost,182,217,5668,3.05,202,93,47
2026-03-06,ENT021,retention_rate,132,152,5492,4.61,53,91,35
2026-03-06,ENT022,retention_rate,107,97,775,4.41,168,93,27
2026-03-06,ENT023,activation_rate,209,234,6105,6.12,107,82,42
2026-03-06,ENT024,exception_rate,198,194,8928,8.59,210,75,66
2026-03-07,ENT001,retention_rate,142,160,1974,8.91,53,77,62
2026-03-07,ENT002,activation_rate,106,122,622,9.36,125,74,62
2026-03-07,ENT003,portfolio_value,191,153,620,2.55,80,95,24
2026-03-07,ENT004,service_cost,247,240,1030,12.54,211,68,75
2026-03-07,ENT005,retention_rate,154,165,3196,10.13,197,72,69
2026-03-07,ENT006,portfolio_value,208,243,3590,14.07,139,63,81
2026-03-07,ENT007,activation_rate,135,155,7274,14.43,24,58,75
2026-03-07,ENT008,portfolio_value,154,186,8477,4.04,107,88,51
2026-03-07,ENT009,exception_rate,231,256,715,13.91,171,64,88
2026-03-07,ENT010,cash_fill_accuracy,92,117,7543,9.8,170,74,48
2026-03-07,ENT011,cash_fill_accuracy,227,232,132,13.8,200,61,76
2026-03-07,ENT012,portfolio_value,206,179,4951,8.98,29,73,52
2026-03-07,ENT013,retention_rate,142,109,162,4.16,238,91,26
2026-03-07,ENT014,portfolio_value,115,100,2119,11.6,182,68,62
2026-03-07,ENT015,cash_fill_accuracy,143,127,3013,2.94,74,92,29
2026-03-07,ENT016,portfolio_value,73,72,509,12.05,114,66,84
2026-03-07,ENT017,portfolio_value,226,273,3408,8.05,91,82,55
2026-03-07,ENT018,exception_rate,230,290,4415,6.27,140,83,43
2026-03-07,ENT019,cash_fill_accuracy,129,151,297,14.41,139,58,78
2026-03-07,ENT020,service_cost,103,121,5907,8.69,45,75,64
2026-03-07,ENT021,service_cost,96,121,8559,5.03,229,92,38
2026-03-07,ENT022,portfolio_value,208,239,5464,4.38,14,91,50
2026-03-07,ENT023,cash_fill_accuracy,137,148,8277,7.04,96,79,61
2026-03-07,ENT024,activation_rate,242,293,5836,5.08,192,91,25
2026-03-08,ENT001,portfolio_value,151,124,1039,4.8,124,90,25
2026-03-08,ENT002,retention_rate,66,79,5916,14.27,236,62,75
2026-03-08,ENT003,portfolio_value,258,240,3807,8.92,220,81,47
2026-03-08,ENT004,cash_fill_accuracy,253,288,3524,5.21,19,85,46
2026-03-08,ENT005,cash_fill_accuracy,66,55,7107,8.34,53,80,48
2026-03-08,ENT006,cash_fill_accuracy,279,299,7118,3.04,97,94,13
2026-03-08,ENT007,portfolio_value,76,71,4574,13.4,217,60,70
2026-03-08,ENT008,exception_rate,143,174,2897,10.81,131,73,46
2026-03-08,ENT009,exception_rate,86,96,4660,7.89,181,79,64
2026-03-08,ENT010,cash_fill_accuracy,278,206,2194,13.56,35,66,76
2026-03-08,ENT011,portfolio_value,171,214,6664,5.11,140,92,27
2026-03-08,ENT012,activation_rate,164,130,8577,8.37,226,75,47
2026-03-08,ENT013,activation_rate,160,128,3513,12.95,107,62,86
2026-03-08,ENT014,activation_rate,170,155,2804,8.46,35,79,55
2026-03-08,ENT015,service_cost,187,165,2399,11.93,160,68,76
2026-03-08,ENT016,activation_rate,170,185,8043,8.17,233,79,51
2026-03-08,ENT017,retention_rate,163,197,797,11.28,230,71,64
2026-03-08,ENT018,activation_rate,92,78,3466,13.13,83,65,71
2026-03-08,ENT019,portfolio_value,120,118,7099,14.01,110,63,80
2026-03-08,ENT020,portfolio_value,258,201,7312,5.24,86,90,22
2026-03-08,ENT021,exception_rate,107,90,7719,7.93,157,83,44
2026-03-08,ENT022,exception_rate,211,238,8315,11.75,173,67,81
2026-03-08,ENT023,exception_rate,105,103,5560,8.77,167,81,42
2026-03-08,ENT024,retention_rate,127,127,4175,5.36,176,89,38
2026-03-09,ENT001,retention_rate,140,125,4963,12.2,68,64,85
2026-03-09,ENT002,retention_rate,79,71,4341,12.25,70,66,81
2026-03-09,ENT003,activation_rate,198,158,5575,10.9,169,74,58
2026-03-09,ENT004,activation_rate,151,127,6043,12.12,215,70,68
2026-03-09,ENT005,activation_rate,120,101,5132,11.65,31,71,60
2026-03-09,ENT006,service_cost,137,163,5994,7.31,230,83,44
2026-03-09,ENT007,exception_rate,164,139,2253,13.34,75,63,57
2026-03-09,ENT008,retention_rate,87,65,3182,13.82,147,62,67
2026-03-09,ENT009,retention_rate,257,314,8143,11.11,233,72,60
2026-03-09,ENT010,service_cost,215,215,1657,13.4,199,62,87
2026-03-09,ENT011,service_cost,121,115,4782,13.32,187,66,73
2026-03-09,ENT012,portfolio_value,156,126,4397,9.57,147,75,65
2026-03-09,ENT013,service_cost,253,205,1232,6.68,67,86,49
2026-03-09,ENT014,service_cost,169,210,7174,5.74,210,88,51
2026-03-09,ENT015,retention_rate,109,89,746,12.3,239,64,85
2026-03-09,ENT016,exception_rate,176,141,1346,9.23,165,79,50
2026-03-09,ENT017,cash_fill_accuracy,163,186,3551,11.73,181,69,59
2026-03-09,ENT018,exception_rate,103,83,3402,9.34,46,77,70
2026-03-09,ENT019,service_cost,90,113,723,3.04,87,93,19
2026-03-09,ENT020,cash_fill_accuracy,212,263,4228,7.42,156,78,58
2026-03-09,ENT021,activation_rate,180,158,3729,4.88,204,89,32
2026-03-09,ENT022,activation_rate,150,156,7578,7.94,175,83,34
2026-03-09,ENT023,activation_rate,165,127,2613,8.55,157,77,61
2026-03-09,ENT024,retention_rate,144,174,6097,9.53,78,75,61
2026-03-10,ENT001,activation_rate,205,178,4471,8.04,107,79,45
2026-03-10,ENT002,portfolio_value,259,326,1953,9.07,157,79,53
2026-03-10,ENT003,portfolio_value,143,163,550,4.1,81,90,48
2026-03-10,ENT004,exception_rate,96,108,703,5.72,119,83,24
2026-03-10,ENT005,cash_fill_accuracy,277,216,4721,8.35,211,78,59
2026-03-10,ENT006,portfolio_value,194,198,5158,5.02,13,91,34
2026-03-10,ENT007,exception_rate,185,139,2744,8.25,66,82,52
2026-03-10,ENT008,exception_rate,224,240,334,9.91,16,76,40
2026-03-10,ENT009,cash_fill_accuracy,141,109,8577,10.24,37,75,57
2026-03-10,ENT010,activation_rate,178,212,839,11.84,222,70,65
2026-03-10,ENT011,portfolio_value,159,202,4723,4.79,208,90,33
2026-03-10,ENT012,service_cost,68,52,136,7.79,194,78,36
2026-03-10,ENT013,activation_rate,112,105,7457,9.42,141,73,52
2026-03-10,ENT014,cash_fill_accuracy,252,302,98,4.36,127,89,30
2026-03-10,ENT015,portfolio_value,71,67,7173,7.8,36,80,59
2026-03-10,ENT016,retention_rate,273,344,4870,8.82,170,80,63
2026-03-10,ENT017,exception_rate,211,162,6853,5.83,53,87,51
2026-03-10,ENT018,portfolio_value,268,335,5817,7.16,216,80,64
2026-03-10,ENT019,service_cost,67,52,7015,9.63,108,78,64
2026-03-10,ENT020,portfolio_value,227,245,2153,7.2,145,84,27
2026-03-10,ENT021,portfolio_value,167,134,8497,3.69,106,90,17
2026-03-10,ENT022,retention_rate,113,134,3731,3.59,66,93,32
2026-03-10,ENT023,service_cost,213,234,6328,6.87,190,82,29
2026-03-10,ENT024,service_cost,204,235,7063,7.92,100,83,51
2026-03-11,ENT001,portfolio_value,278,261,1434,11.5,67,67,77
2026-03-11,ENT002,retention_rate,132,147,7035,13.77,171,63,67
2026-03-11,ENT003,cash_fill_accuracy,69,79,3427,13.41,163,65,58
2026-03-11,ENT004,exception_rate,82,80,8610,13.75,17,65,83
2026-03-11,ENT005,cash_fill_accuracy,119,126,6630,3.01,46,95,41
2026-03-11,ENT006,portfolio_value,268,196,2859,3.58,117,96,45
2026-03-11,ENT007,retention_rate,192,219,1785,8.36,27,82,38
2026-03-11,ENT008,portfolio_value,196,157,5425,12.18,111,65,53
2026-03-11,ENT009,service_cost,262,249,5604,8.23,45,76,43
2026-03-11,ENT010,portfolio_value,69,79,5791,1.67,177,97,9
2026-03-11,ENT011,activation_rate,203,256,1111,14.15,128,61,59
2026-03-11,ENT012,exception_rate,269,299,5752,1.5,142,96,40
2026-03-11,ENT013,exception_rate,127,114,2875,9.47,184,79,39
2026-03-11,ENT014,exception_rate,184,153,4356,8.46,172,82,59
2026-03-11,ENT015,activation_rate,74,80,6272,5.43,15,91,31
2026-03-11,ENT016,portfolio_value,267,254,695,3.77,105,94,25
2026-03-11,ENT017,exception_rate,133,153,8117,6.25,14,88,57
2026-03-11,ENT018,exception_rate,220,163,5614,9.12,153,73,43
2026-03-11,ENT019,activation_rate,132,160,529,13.14,41,61,64
2026-03-11,ENT020,exception_rate,189,231,8814,12.78,225,65,57
2026-03-11,ENT021,service_cost,190,141,481,2.41,118,95,20
2026-03-11,ENT022,activation_rate,242,227,8404,12.6,176,67,69
2026-03-11,ENT023,portfolio_value,194,215,7984,7.49,219,78,61
2026-03-11,ENT024,activation_rate,276,229,4765,7.13,45,79,51
2026-03-12,ENT001,cash_fill_accuracy,132,119,8876,6.02,55,86,29
2026-03-12,ENT002,retention_rate,133,150,3341,12.62,73,63,71
2026-03-12,ENT003,service_cost,217,273,4372,1.92,227,98,33
2026-03-12,ENT004,cash_fill_accuracy,156,176,8502,2.15,27,99,13
2026-03-12,ENT005,portfolio_value,146,165,4928,3.43,187,95,24
2026-03-12,ENT006,cash_fill_accuracy,233,287,8496,13.64,133,59,89
2026-03-12,ENT007,portfolio_value,80,78,6268,14.18,83,63,70
2026-03-12,ENT008,exception_rate,133,122,4995,10.95,177,72,59
2026-03-12,ENT009,service_cost,124,105,1097,11.26,81,69,55
2026-03-12,ENT010,exception_rate,270,227,6960,4.91,197,89,42
2026-03-12,ENT011,portfolio_value,229,279,8643,14.27,155,65,85
2026-03-12,ENT012,cash_fill_accuracy,109,93,6671,5.41,50,87,31
2026-03-12,ENT013,activation_rate,99,110,6084,11.38,103,68,54
2026-03-12,ENT014,retention_rate,216,190,356,12.44,105,67,82
2026-03-12,ENT015,retention_rate,173,202,2702,2.43,15,94,39
2026-03-12,ENT016,retention_rate,233,294,8815,7.17,118,85,50
2026-03-12,ENT017,service_cost,240,290,6984,2.94,58,97,11
2026-03-12,ENT018,service_cost,72,58,8848,8,159,82,33
2026-03-12,ENT019,activation_rate,205,221,2651,9.21,36,73,70
2026-03-12,ENT020,exception_rate,253,263,7407,9.64,171,71,69
2026-03-12,ENT021,portfolio_value,210,202,4969,2.35,91,99,17
2026-03-12,ENT022,activation_rate,87,77,8696,13.14,209,67,77
2026-03-12,ENT023,exception_rate,110,126,1092,4.38,26,88,27
2026-03-12,ENT024,service_cost,165,157,8045,3.98,230,90,24
2026-03-13,ENT001,cash_fill_accuracy,238,290,6370,4.28,240,90,26
2026-03-13,ENT002,retention_rate,109,110,3615,8.14,106,82,52
2026-03-13,ENT003,cash_fill_accuracy,239,225,4701,14.03,138,62,83
2026-03-13,ENT004,activation_rate,206,179,8104,5.14,93,88,37
2026-03-13,ENT005,service_cost,262,291,4832,7.68,203,79,33
2026-03-13,ENT006,retention_rate,230,168,6939,10.1,163,75,67
2026-03-13,ENT007,service_cost,224,244,7473,3.45,185,94,14
2026-03-13,ENT008,exception_rate,216,190,5656,12.82,17,62,69
2026-03-13,ENT009,service_cost,143,116,8080,2.75,25,95,20
2026-03-13,ENT010,activation_rate,144,137,5937,7.84,240,79,45
2026-03-13,ENT011,cash_fill_accuracy,262,275,8562,7.26,100,83,43
2026-03-13,ENT012,exception_rate,280,207,8390,11.48,35,70,51
2026-03-13,ENT013,retention_rate,94,94,2233,9.97,95,73,53
2026-03-13,ENT014,cash_fill_accuracy,219,243,6418,13.96,200,60,86
2026-03-13,ENT015,activation_rate,260,200,3355,12.29,160,67,80
2026-03-13,ENT016,activation_rate,83,80,6849,9.37,182,74,68
2026-03-13,ENT017,retention_rate,250,295,5328,2.07,237,99,21
2026-03-13,ENT018,exception_rate,209,182,5964,12.83,138,68,76
2026-03-13,ENT019,activation_rate,260,325,1317,9.68,76,73,43
2026-03-13,ENT020,exception_rate,199,237,1198,12.48,42,70,82
2026-03-13,ENT021,portfolio_value,240,187,4879,8.07,163,82,41
2026-03-13,ENT022,cash_fill_accuracy,113,139,2856,12.58,152,70,79
2026-03-13,ENT023,activation_rate,229,273,8151,7.81,133,79,50
2026-03-13,ENT024,exception_rate,160,202,1214,11.58,114,67,54
2026-03-14,ENT001,cash_fill_accuracy,260,221,2478,9.22,159,75,52
2026-03-14,ENT002,portfolio_value,175,201,4991,6.12,117,87,31
2026-03-14,ENT003,activation_rate,270,251,7957,6.34,49,82,37
2026-03-14,ENT004,service_cost,170,209,8454,8.19,218,82,44
2026-03-14,ENT005,service_cost,215,155,4871,4.06,174,88,21
2026-03-14,ENT006,exception_rate,240,228,3125,10.11,137,73,42
2026-03-14,ENT007,service_cost,196,143,7831,9.17,116,79,42
2026-03-14,ENT008,retention_rate,251,211,7331,1.62,176,99,24
2026-03-14,ENT009,portfolio_value,147,110,6124,8.4,45,79,41
2026-03-14,ENT010,retention_rate,182,213,6549,12.97,95,66,78
2026-03-14,ENT011,portfolio_value,171,133,2185,11.5,58,67,74
2026-03-14,ENT012,service_cost,239,272,795,1.93,41,97,41
2026-03-14,ENT013,retention_rate,234,295,5458,3.3,183,97,25
2026-03-14,ENT014,retention_rate,121,105,7410,13.91,102,62,87
2026-03-14,ENT015,retention_rate,67,82,8429,12.77,175,68,59
2026-03-14,ENT016,activation_rate,214,250,1411,3.95,99,96,18
2026-03-14,ENT017,retention_rate,149,122,7251,13.09,205,64,87
2026-03-14,ENT018,service_cost,208,214,7474,9.87,48,77,50
2026-03-14,ENT019,activation_rate,109,112,4531,3.7,199,91,32
2026-03-14,ENT020,service_cost,74,56,4604,13.27,183,63,79
2026-03-14,ENT021,exception_rate,133,96,3199,14.37,73,61,92
2026-03-14,ENT022,service_cost,192,221,283,8.6,51,77,37
2026-03-14,ENT023,service_cost,229,179,374,5.27,208,88,29
2026-03-14,ENT024,retention_rate,175,184,6494,7.25,129,84,47
2026-03-15,ENT001,cash_fill_accuracy,132,147,7993,14.01,94,59,62
2026-03-15,ENT002,exception_rate,70,67,6835,2.58,236,95,22
2026-03-15,ENT003,activation_rate,69,67,2078,3.72,170,94,40
2026-03-15,ENT004,exception_rate,259,308,3898,13.01,234,63,78
2026-03-15,ENT005,cash_fill_accuracy,233,217,5802,10.13,238,71,71
2026-03-15,ENT006,cash_fill_accuracy,81,79,4226,8.07,45,78,53
2026-03-15,ENT007,exception_rate,265,254,3080,2.57,169,94,15
2026-03-15,ENT008,retention_rate,99,108,3251,3.46,114,95,30
2026-03-15,ENT009,cash_fill_accuracy,229,169,3793,5.12,136,86,33
2026-03-15,ENT010,retention_rate,69,54,5928,13.1,64,67,66
2026-03-15,ENT011,activation_rate,89,100,1976,9.6,180,79,38
2026-03-15,ENT012,service_cost,141,124,2762,14.23,71,62,71
2026-03-15,ENT013,retention_rate,265,278,5368,5.66,220,88,35
2026-03-15,ENT014,activation_rate,117,90,8272,3.44,200,97,33
2026-03-15,ENT015,retention_rate,240,298,2517,10.85,69,73,78
2026-03-15,ENT016,retention_rate,219,201,1341,13.76,185,62,59
2026-03-15,ENT017,activation_rate,195,228,1247,9.66,129,74,60
2026-03-15,ENT018,activation_rate,129,128,8284,1.67,134,99,16
2026-03-15,ENT019,exception_rate,263,271,4689,9.62,43,78,40
2026-03-15,ENT020,service_cost,195,240,7512,7.23,83,80,44
2026-03-15,ENT021,retention_rate,226,212,5146,6.31,73,85,30
2026-03-15,ENT022,retention_rate,251,286,3686,2.09,236,95,32
2026-03-15,ENT023,cash_fill_accuracy,273,344,4719,13.49,203,67,60
2026-03-15,ENT024,service_cost,177,159,3736,10.59,77,75,59
2026-03-16,ENT001,cash_fill_accuracy,271,333,258,2.08,154,98,9
2026-03-16,ENT002,activation_rate,230,260,1818,9.8,195,76,45
2026-03-16,ENT003,exception_rate,92,87,3987,8.3,81,79,64
2026-03-16,ENT004,retention_rate,90,86,8853,11.57,29,66,72
2026-03-16,ENT005,exception_rate,169,198,1693,7.69,134,77,64
2026-03-16,ENT006,cash_fill_accuracy,273,303,1798,1.64,158,97,22
2026-03-16,ENT007,retention_rate,109,83,113,10.16,13,76,52
2026-03-16,ENT008,portfolio_value,101,94,6716,8.65,33,77,48
2026-03-16,ENT009,retention_rate,107,105,2960,12.12,122,71,52
2026-03-16,ENT010,exception_rate,188,164,3440,4.24,49,90,29
2026-03-16,ENT011,service_cost,206,262,4792,13.44,221,61,78
2026-03-16,ENT012,exception_rate,195,226,8640,11.08,186,72,55
2026-03-16,ENT013,service_cost,200,154,2721,8.62,116,78,61
2026-03-16,ENT014,service_cost,242,240,7253,2.97,25,94,43
2026-03-16,ENT015,cash_fill_accuracy,188,145,8117,3.77,136,89,30
2026-03-16,ENT016,service_cost,170,182,8792,12.87,131,62,67
2026-03-16,ENT017,activation_rate,266,317,4798,7.72,231,78,51
2026-03-16,ENT018,portfolio_value,89,101,5527,6.98,15,82,42
2026-03-16,ENT019,cash_fill_accuracy,213,181,5336,10.06,216,72,74
2026-03-16,ENT020,exception_rate,71,61,2038,5.81,200,86,49
2026-03-16,ENT021,cash_fill_accuracy,263,300,328,11.21,15,71,78
2026-03-16,ENT022,activation_rate,271,331,164,10.2,183,71,52
2026-03-16,ENT023,retention_rate,147,113,5777,13.48,128,61,69
2026-03-16,ENT024,activation_rate,187,180,1783,5.44,45,91,42
2026-03-17,ENT001,retention_rate,73,82,3446,12.13,48,70,55
2026-03-17,ENT002,cash_fill_accuracy,72,56,2686,4.29,239,92,23
2026-03-17,ENT003,portfolio_value,207,186,6081,12.45,107,69,66
2026-03-17,ENT004,exception_rate,194,171,4284,12.08,233,65,72
2026-03-17,ENT005,activation_rate,144,147,6683,7.8,114,77,37
2026-03-17,ENT006,exception_rate,96,122,7473,4.71,123,92,17
2026-03-17,ENT007,service_cost,105,99,8049,9.68,55,79,63
2026-03-17,ENT008,activation_rate,226,212,6500,10.8,193,74,56
2026-03-17,ENT009,cash_fill_accuracy,200,248,7727,12.81,113,68,62
2026-03-17,ENT010,exception_rate,117,117,677,11.67,239,73,72
2026-03-17,ENT011,portfolio_value,118,132,798,12.14,217,68,58
2026-03-17,ENT012,activation_rate,233,252,6083,10.45,45,76,70
2026-03-17,ENT013,exception_rate,107,105,505,6.99,65,87,27
2026-03-17,ENT014,retention_rate,153,112,4832,10.13,78,70,70
2026-03-17,ENT015,activation_rate,235,244,5361,5.05,44,91,19
2026-03-17,ENT016,retention_rate,196,180,1384,4.63,137,93,21
2026-03-17,ENT017,cash_fill_accuracy,81,87,1937,13.47,108,64,65
2026-03-17,ENT018,service_cost,254,229,7487,8.85,48,79,53
2026-03-17,ENT019,service_cost,148,117,3329,3.91,17,96,33
2026-03-17,ENT020,exception_rate,126,108,370,10.73,139,69,65
2026-03-17,ENT021,service_cost,260,304,7343,7.62,39,83,57
2026-03-17,ENT022,cash_fill_accuracy,70,73,5806,14.33,107,60,81
2026-03-17,ENT023,activation_rate,119,114,8208,2.48,49,99,13
2026-03-17,ENT024,exception_rate,279,268,2785,4.88,179,90,43
2026-03-18,ENT001,service_cost,278,236,8279,8.08,229,78,63
2026-03-18,ENT002,retention_rate,141,123,6573,4.85,213,88,21
2026-03-18,ENT003,service_cost,118,116,2985,11.79,172,68,76
2026-03-18,ENT004,cash_fill_accuracy,81,75,150,12.99,163,63,61
2026-03-18,ENT005,portfolio_value,118,89,1457,11.78,30,65,71
2026-03-18,ENT006,retention_rate,176,165,8347,8.44,100,79,60
2026-03-18,ENT007,service_cost,253,190,2559,8.13,79,84,39
2026-03-18,ENT008,retention_rate,278,350,2523,6.74,225,85,29
2026-03-18,ENT009,activation_rate,118,106,6588,6.88,46,87,57
2026-03-18,ENT010,exception_rate,131,113,1465,11.91,193,70,52
2026-03-18,ENT011,service_cost,123,155,228,11.06,37,74,72
2026-03-18,ENT012,service_cost,142,141,2819,7.55,49,78,46
2026-03-18,ENT013,portfolio_value,109,137,3937,11.82,92,69,53
2026-03-18,ENT014,service_cost,207,213,3719,12.84,233,64,74
2026-03-18,ENT015,retention_rate,112,129,3368,5.41,203,84,46
2026-03-18,ENT016,service_cost,265,276,3569,8.63,234,81,53
2026-03-18,ENT017,service_cost,272,318,5687,10.32,97,72,63
2026-03-18,ENT018,service_cost,204,194,6839,6.54,194,86,57
2026-03-18,ENT019,activation_rate,94,70,6671,6.27,166,84,45
2026-03-18,ENT020,retention_rate,194,171,8003,13.96,15,65,57
2026-03-18,ENT021,service_cost,69,71,2420,3.34,109,93,20
2026-03-18,ENT022,portfolio_value,168,151,3252,12.14,53,70,79
2026-03-18,ENT023,portfolio_value,83,66,1064,6.98,90,80,31
2026-03-18,ENT024,retention_rate,152,117,2204,12.26,225,68,73
2026-03-19,ENT001,activation_rate,174,205,7711,9.12,65,79,51
2026-03-19,ENT002,service_cost,175,144,3923,7.49,20,82,54
2026-03-19,ENT003,cash_fill_accuracy,230,219,474,5.18,27,92,28
2026-03-19,ENT004,activation_rate,175,205,8636,3.04,107,96,22
2026-03-19,ENT005,retention_rate,106,82,4616,11.17,20,67,73
2026-03-19,ENT006,exception_rate,118,103,2672,7.23,77,82,50
2026-03-19,ENT007,retention_rate,178,228,6142,2.75,149,97,18
2026-03-19,ENT008,exception_rate,118,126,5857,9.56,46,73,46
2026-03-19,ENT009,portfolio_value,171,195,8105,10.26,146,76,44
2026-03-19,ENT010,cash_fill_accuracy,132,112,2937,10.76,215,75,46
2026-03-19,ENT011,activation_rate,140,101,6629,5.84,60,86,40
2026-03-19,ENT012,activation_rate,77,65,8804,13.85,202,60,79
2026-03-19,ENT013,activation_rate,164,123,2625,11.42,49,66,54
2026-03-19,ENT014,exception_rate,170,136,8851,2.23,195,99,40
2026-03-19,ENT015,cash_fill_accuracy,249,234,4570,11.86,164,68,61
2026-03-19,ENT016,service_cost,182,187,6350,8.71,55,77,41
2026-03-19,ENT017,cash_fill_accuracy,235,197,4541,10.96,137,75,58
2026-03-19,ENT018,service_cost,213,209,7406,2.59,13,95,45
2026-03-19,ENT019,portfolio_value,133,98,7758,9.51,75,74,70
2026-03-19,ENT020,cash_fill_accuracy,161,118,5904,10.71,230,70,64
2026-03-19,ENT021,retention_rate,242,206,8615,9.43,22,73,41
2026-03-19,ENT022,service_cost,275,201,4131,4.52,125,94,28
2026-03-19,ENT023,service_cost,200,218,2384,4.74,203,87,48
2026-03-19,ENT024,exception_rate,202,194,6652,8.16,214,76,64
2026-03-20,ENT001,retention_rate,178,139,5845,11.68,120,67,74
2026-03-20,ENT002,activation_rate,182,135,5250,11.49,75,73,58
2026-03-20,ENT003,exception_rate,139,172,6553,7.75,169,84,49
2026-03-20,ENT004,retention_rate,95,119,8479,13.17,183,68,55
2026-03-20,ENT005,exception_rate,176,188,1306,13.79,51,62,61
2026-03-20,ENT006,retention_rate,224,181,8766,11.73,99,70,67
2026-03-20,ENT007,service_cost,204,190,7850,7.03,162,80,37
2026-03-20,ENT008,activation_rate,89,71,3044,9.6,86,75,65
2026-03-20,ENT009,service_cost,77,79,5230,3.14,236,91,27
2026-03-20,ENT010,retention_rate,72,68,4457,4.22,205,87,43
2026-03-20,ENT011,activation_rate,143,136,7935,8.32,39,78,57
2026-03-20,ENT012,service_cost,248,315,546,5.06,106,88,34
2026-03-20,ENT013,portfolio_value,73,73,6247,10.35,74,72,59
2026-03-20,ENT014,service_cost,75,60,638,11.72,178,70,68
2026-03-20,ENT015,retention_rate,272,248,4706,8.64,224,79,49
2026-03-20,ENT016,portfolio_value,237,277,2957,4.96,200,85,47
2026-03-20,ENT017,activation_rate,66,83,7062,5.32,223,89,23
2026-03-20,ENT018,exception_rate,182,149,6324,2.76,35,99,25
2026-03-20,ENT019,activation_rate,185,174,1217,9.27,123,74,65
2026-03-20,ENT020,activation_rate,181,165,4029,12.44,103,66,77
2026-03-20,ENT021,retention_rate,93,85,6617,14.21,88,62,73
2026-03-20,ENT022,retention_rate,157,176,4461,8.63,24,76,56
2026-03-20,ENT023,exception_rate,257,278,5678,2.74,171,95,30
2026-03-20,ENT024,retention_rate,236,267,7131,2.43,234,96,35
2026-03-21,ENT001,activation_rate,116,144,93,2.43,106,99,32
2026-03-21,ENT002,retention_rate,223,198,5458,6.38,169,86,44
2026-03-21,ENT003,portfolio_value,141,109,4698,11.87,234,66,68
2026-03-21,ENT004,exception_rate,156,154,7405,12.61,106,67,84
2026-03-21,ENT005,retention_rate,234,290,5665,4.7,147,92,38
2026-03-21,ENT006,retention_rate,205,254,2578,9.84,40,75,41
2026-03-21,ENT007,portfolio_value,276,293,7883,11.72,71,68,48
2026-03-21,ENT008,cash_fill_accuracy,157,160,695,13.45,148,64,56
2026-03-21,ENT009,portfolio_value,253,235,2068,7.95,197,80,49
2026-03-21,ENT010,retention_rate,173,216,7619,4.58,124,93,18
2026-03-21,ENT011,retention_rate,159,200,3233,7.65,240,80,32
2026-03-21,ENT012,retention_rate,271,222,1379,12.15,106,65,79
2026-03-21,ENT013,service_cost,118,101,8871,3.42,134,91,38
2026-03-21,ENT014,exception_rate,226,176,6320,12.96,229,66,76
2026-03-21,ENT015,exception_rate,74,87,1747,9.25,49,78,50
2026-03-21,ENT016,retention_rate,128,99,6692,13.71,188,64,64
2026-03-21,ENT017,service_cost,126,120,6202,12.59,178,63,84
2026-03-21,ENT018,portfolio_value,279,282,2955,3.09,163,91,24
2026-03-21,ENT019,exception_rate,224,246,1741,4.4,65,88,36
2026-03-21,ENT020,exception_rate,249,232,5646,7.86,148,80,50
2026-03-21,ENT021,portfolio_value,67,70,6104,9.22,215,80,63
2026-03-21,ENT022,retention_rate,278,317,2492,5.87,196,89,37
2026-03-21,ENT023,cash_fill_accuracy,92,68,6687,11.23,59,72,64
2026-03-21,ENT024,exception_rate,112,111,5791,8.14,201,76,37
2026-03-22,ENT001,service_cost,83,80,7938,10.33,18,76,61
2026-03-22,ENT002,exception_rate,198,218,1682,10.94,145,73,74
2026-03-22,ENT003,activation_rate,158,131,7375,13.15,149,68,66
2026-03-22,ENT004,exception_rate,83,74,6452,12.82,109,68,68
2026-03-22,ENT005,service_cost,240,233,7302,11.19,161,73,52
2026-03-22,ENT006,retention_rate,259,282,6887,5.71,59,90,40
2026-03-22,ENT007,service_cost,181,170,8670,10.82,112,69,67
2026-03-22,ENT008,retention_rate,129,98,7653,4.94,92,91,39
2026-03-22,ENT009,portfolio_value,96,72,4950,11.37,197,71,62
2026-03-22,ENT010,retention_rate,67,62,7329,14.36,218,61,81
2026-03-22,ENT011,activation_rate,270,305,2756,9.18,74,76,56
2026-03-22,ENT012,cash_fill_accuracy,248,241,1192,4.33,148,89,29
2026-03-22,ENT013,service_cost,206,214,6795,1.68,24,99,26
2026-03-22,ENT014,portfolio_value,120,145,1846,6.84,221,83,45
2026-03-22,ENT015,service_cost,245,203,4813,4.43,48,94,17
2026-03-22,ENT016,cash_fill_accuracy,251,243,6327,2.55,49,94,11
2026-03-22,ENT017,cash_fill_accuracy,189,155,6064,3.2,114,92,39
2026-03-22,ENT018,service_cost,82,91,7813,2.86,128,95,34
2026-03-22,ENT019,service_cost,277,307,8417,10.03,166,77,68
2026-03-22,ENT020,cash_fill_accuracy,198,200,7331,1.95,27,99,6
2026-03-22,ENT021,service_cost,232,295,1143,2.28,143,97,31
2026-03-22,ENT022,cash_fill_accuracy,82,91,7623,6.89,229,86,60
2026-03-22,ENT023,service_cost,244,176,3382,4.71,220,86,32
2026-03-22,ENT024,service_cost,175,173,7015,2.65,90,93,44
2026-03-23,ENT001,retention_rate,228,285,4493,2.53,135,93,40
2026-03-23,ENT002,cash_fill_accuracy,274,216,2204,8.18,135,82,43
2026-03-23,ENT003,activation_rate,163,191,2518,10.47,121,72,64
2026-03-23,ENT004,activation_rate,86,87,8886,2.51,21,99,29
2026-03-23,ENT005,service_cost,209,259,6973,11.84,230,70,64
2026-03-23,ENT006,retention_rate,203,221,2102,6.74,144,82,60
2026-03-23,ENT007,cash_fill_accuracy,188,203,5953,1.57,125,96,22
2026-03-23,ENT008,cash_fill_accuracy,79,68,8227,10.17,63,74,43
2026-03-23,ENT009,retention_rate,129,144,4600,3.34,230,94,29
2026-03-23,ENT010,retention_rate,84,76,718,13.34,102,61,62
2026-03-23,ENT011,cash_fill_accuracy,181,232,1132,8.54,150,79,44
2026-03-23,ENT012,service_cost,119,130,1020,6.06,233,87,44
2026-03-23,ENT013,service_cost,82,103,7467,6.44,54,88,37
2026-03-23,ENT014,portfolio_value,166,169,1074,10.51,85,73,65
2026-03-23,ENT015,exception_rate,143,119,7414,14.17,231,62,73
2026-03-23,ENT016,activation_rate,199,159,1783,7.32,99,80,48
2026-03-23,ENT017,cash_fill_accuracy,81,65,4062,2.83,195,94,30
2026-03-23,ENT018,activation_rate,82,66,6884,4.58,174,87,22
2026-03-23,ENT019,service_cost,211,209,4720,5.53,65,85,47
2026-03-23,ENT020,retention_rate,128,123,7891,2.91,140,94,31
2026-03-23,ENT021,activation_rate,279,318,5872,4.44,124,93,48
2026-03-23,ENT022,cash_fill_accuracy,139,131,4723,12.59,226,66,69
2026-03-23,ENT023,portfolio_value,229,289,4882,12.92,149,66,77
2026-03-23,ENT024,retention_rate,175,196,8495,5.53,159,86,41
2026-03-24,ENT001,activation_rate,107,83,2780,14.49,112,60,67
2026-03-24,ENT002,service_cost,246,295,8620,10.39,99,74,45
2026-03-24,ENT003,activation_rate,182,202,7053,5.95,189,85,51
2026-03-24,ENT004,exception_rate,211,217,2363,12.64,188,68,66
2026-03-24,ENT005,service_cost,208,196,7668,14.44,94,62,89
2026-03-24,ENT006,service_cost,125,126,6542,10.59,114,70,53
2026-03-24,ENT007,cash_fill_accuracy,190,194,6622,10.47,233,70,75
2026-03-24,ENT008,retention_rate,136,165,6801,6.48,34,87,46
2026-03-24,ENT009,exception_rate,73,82,2891,3.03,121,92,12
2026-03-24,ENT010,service_cost,177,205,4993,10.54,137,71,65
2026-03-24,ENT011,retention_rate,80,72,4134,4.6,221,87,48
2026-03-24,ENT012,portfolio_value,93,67,4131,6.05,194,85,39
2026-03-24,ENT013,retention_rate,190,148,2724,9.26,133,78,49
2026-03-24,ENT014,cash_fill_accuracy,185,178,2254,5.39,38,84,54
2026-03-24,ENT015,cash_fill_accuracy,251,284,5292,9.73,208,76,69
2026-03-24,ENT016,service_cost,259,285,4133,2.12,27,96,28
2026-03-24,ENT017,portfolio_value,110,103,8757,14.42,189,63,75
2026-03-24,ENT018,retention_rate,178,190,6222,14.03,149,60,64
2026-03-24,ENT019,portfolio_value,160,146,3114,12.51,142,65,60
2026-03-24,ENT020,service_cost,195,140,8362,9.21,35,79,65
2026-03-24,ENT021,cash_fill_accuracy,169,159,979,4.02,237,93,37
2026-03-24,ENT022,exception_rate,216,268,7651,14.12,117,62,79
2026-03-24,ENT023,portfolio_value,264,280,4698,3.86,85,95,39
2026-03-24,ENT024,retention_rate,135,135,1231,13.63,41,61,70
2026-03-25,ENT001,cash_fill_accuracy,192,219,214,6.88,115,81,54
2026-03-25,ENT002,portfolio_value,172,153,6913,7.1,53,82,52
2026-03-25,ENT003,retention_rate,83,102,4455,4.96,220,89,50
2026-03-25,ENT004,cash_fill_accuracy,132,98,3530,12.43,99,68,64
2026-03-25,ENT005,activation_rate,144,107,5683,4.05,232,90,28
2026-03-25,ENT006,service_cost,169,128,5077,5.16,69,91,50
2026-03-25,ENT007,retention_rate,133,133,1957,2.26,161,98,38
2026-03-25,ENT008,cash_fill_accuracy,266,330,1065,13.45,38,66,67
2026-03-25,ENT009,retention_rate,127,140,3925,6.88,207,81,56
2026-03-25,ENT010,exception_rate,139,175,3907,5.25,53,90,24
2026-03-25,ENT011,cash_fill_accuracy,211,213,1929,12.48,96,69,73
2026-03-25,ENT012,cash_fill_accuracy,218,259,7101,9.28,147,74,39
2026-03-25,ENT013,activation_rate,167,124,4474,4.95,229,90,24
2026-03-25,ENT014,exception_rate,264,206,5864,2.12,126,99,21
2026-03-25,ENT015,portfolio_value,247,311,5335,4.59,103,87,51
2026-03-25,ENT016,retention_rate,132,157,8837,3.28,36,91,17
2026-03-25,ENT017,retention_rate,211,188,4184,5.14,149,87,27
2026-03-25,ENT018,activation_rate,109,81,5189,14.24,181,62,91
2026-03-25,ENT019,cash_fill_accuracy,98,116,457,3.85,150,93,46
2026-03-25,ENT020,retention_rate,178,166,3090,9.56,227,76,66
2026-03-25,ENT021,cash_fill_accuracy,130,140,5063,5.57,166,84,32
2026-03-25,ENT022,portfolio_value,131,140,5736,5.89,120,82,31
2026-03-25,ENT023,portfolio_value,187,224,7490,13.76,94,64,79
2026-03-25,ENT024,portfolio_value,129,115,5215,14.04,109,62,67
2026-03-26,ENT001,retention_rate,147,107,5356,8.63,138,79,54
2026-03-26,ENT002,retention_rate,170,139,3138,4.07,71,90,41
2026-03-26,ENT003,service_cost,215,249,7190,3.11,138,92,13
2026-03-26,ENT004,activation_rate,217,263,4503,13.35,213,63,59
2026-03-26,ENT005,exception_rate,192,177,8467,7.99,41,79,64
2026-03-26,ENT006,service_cost,97,91,2645,7.59,169,85,41
2026-03-26,ENT007,exception_rate,235,195,3308,9.93,145,78,51
2026-03-26,ENT008,portfolio_value,275,305,8782,1.93,161,99,41
2026-03-26,ENT009,retention_rate,120,116,5115,1.57,198,96,36
2026-03-26,ENT010,cash_fill_accuracy,245,221,1283,12.99,96,66,60
2026-03-26,ENT011,exception_rate,223,236,4751,11.54,98,69,76
2026-03-26,ENT012,service_cost,166,196,8736,10.95,38,72,69
2026-03-26,ENT013,cash_fill_accuracy,137,173,96,4.56,136,87,42
2026-03-26,ENT014,activation_rate,115,110,5695,1.6,221,99,22
2026-03-26,ENT015,activation_rate,79,73,7745,2.51,96,92,22
2026-03-26,ENT016,portfolio_value,213,228,4667,4.38,155,93,31
2026-03-26,ENT017,exception_rate,156,154,3364,10.43,184,74,50
2026-03-26,ENT018,service_cost,98,104,5381,4.5,232,92,37
2026-03-26,ENT019,exception_rate,269,301,4752,7.67,128,81,41
2026-03-26,ENT020,exception_rate,124,154,6493,8.93,147,74,54
2026-03-26,ENT021,exception_rate,231,226,3270,3.89,105,92,26
2026-03-26,ENT022,retention_rate,188,143,8377,11.54,51,73,51
2026-03-26,ENT023,retention_rate,108,130,2309,4.14,72,95,18
2026-03-26,ENT024,service_cost,69,86,6990,10.09,107,76,48
2026-03-27,ENT001,cash_fill_accuracy,120,104,2239,12.93,235,65,60
2026-03-27,ENT002,service_cost,192,188,5579,10.34,56,75,46
2026-03-27,ENT003,retention_rate,122,145,3193,12.28,152,67,73
2026-03-27,ENT004,portfolio_value,245,203,8550,4.1,132,89,34
2026-03-27,ENT005,service_cost,151,118,7857,4.8,115,93,51
2026-03-27,ENT006,cash_fill_accuracy,162,191,6416,12.29,175,66,69
2026-03-27,ENT007,service_cost,118,123,6416,4.74,26,94,40
2026-03-27,ENT008,portfolio_value,238,267,5343,10.99,94,69,49
2026-03-27,ENT009,activation_rate,145,117,6104,3.04,90,92,26
2026-03-27,ENT010,activation_rate,181,186,3176,13.53,111,60,75
2026-03-27,ENT011,portfolio_value,253,309,7227,10.41,153,70,60
2026-03-27,ENT012,retention_rate,90,107,1153,9.53,96,76,45
2026-03-27,ENT013,exception_rate,273,259,5957,9.41,164,79,68
2026-03-27,ENT014,activation_rate,148,145,6684,7.98,28,82,53
2026-03-27,ENT015,retention_rate,176,180,6032,10.47,197,69,48
2026-03-27,ENT016,activation_rate,93,84,465,2.27,18,99,11
2026-03-27,ENT017,cash_fill_accuracy,201,235,3711,3.97,232,90,42
2026-03-27,ENT018,activation_rate,206,239,1701,13.31,90,66,72
2026-03-27,ENT019,service_cost,107,82,8395,3.34,170,90,29
2026-03-27,ENT020,exception_rate,136,122,8457,2.53,198,99,19
2026-03-27,ENT021,retention_rate,163,129,819,10.04,77,73,65
2026-03-27,ENT022,service_cost,98,74,444,5.98,240,87,25
2026-03-27,ENT023,service_cost,187,142,7195,4.72,198,93,45
2026-03-27,ENT024,cash_fill_accuracy,138,128,4247,8.38,68,77,52
2026-03-28,ENT001,retention_rate,100,77,3887,3.21,58,97,25
2026-03-28,ENT002,retention_rate,245,223,6910,12.19,195,68,59
2026-03-28,ENT003,activation_rate,263,318,469,8.59,72,77,52
2026-03-28,ENT004,service_cost,265,249,3327,2.66,202,96,32
2026-03-28,ENT005,portfolio_value,90,78,6841,2.31,193,96,14
2026-03-28,ENT006,exception_rate,234,290,7949,3.91,131,91,31
2026-03-28,ENT007,exception_rate,107,123,331,13.17,153,66,65
2026-03-28,ENT008,activation_rate,67,75,4049,4.99,36,85,50
2026-03-28,ENT009,retention_rate,135,108,8764,4.46,163,87,50
2026-03-28,ENT010,retention_rate,115,122,8951,2.9,229,97,11
2026-03-28,ENT011,activation_rate,273,341,6211,7.96,240,78,32
2026-03-28,ENT012,portfolio_value,201,149,5459,6.74,153,83,41
2026-03-28,ENT013,cash_fill_accuracy,159,122,4974,11.04,223,68,57
2026-03-28,ENT014,service_cost,182,187,7082,2.66,218,94,38
2026-03-28,ENT015,portfolio_value,164,159,4857,12.72,17,68,74
2026-03-28,ENT016,retention_rate,277,269,7302,10.05,224,74,70
2026-03-28,ENT017,retention_rate,225,207,4868,1.7,60,98,36
2026-03-28,ENT018,activation_rate,117,103,203,7.47,56,85,46
2026-03-28,ENT019,retention_rate,179,152,6012,12.47,200,65,65
2026-03-28,ENT020,cash_fill_accuracy,152,147,1098,1.82,155,97,39
2026-03-28,ENT021,service_cost,101,79,5157,12.34,164,67,68
2026-03-28,ENT022,cash_fill_accuracy,273,311,4715,6.35,163,88,34
2026-03-28,ENT023,cash_fill_accuracy,210,170,6739,9.52,27,72,69
2026-03-28,ENT024,service_cost,141,175,5826,5.74,80,85,44
2026-03-29,ENT001,service_cost,126,116,7712,5.15,230,89,25
2026-03-29,ENT002,cash_fill_accuracy,175,152,2034,12.13,48,70,63
2026-03-29,ENT003,retention_rate,71,89,334,10.41,221,72,57
2026-03-29,ENT004,retention_rate,162,128,5480,4.23,140,95,48
2026-03-29,ENT005,cash_fill_accuracy,129,98,1718,11.55,70,66,59
2026-03-29,ENT006,retention_rate,241,248,1033,9.36,140,74,54
2026-03-29,ENT007,activation_rate,147,126,3094,12.98,25,63,62
2026-03-29,ENT008,service_cost,161,184,2592,3.5,21,92,26
2026-03-29,ENT009,retention_rate,78,58,8280,2.27,71,99,11
2026-03-29,ENT010,activation_rate,269,301,2361,6.38,182,84,60
2026-03-29,ENT011,cash_fill_accuracy,98,101,789,6.31,170,85,27
2026-03-29,ENT012,activation_rate,116,136,390,7.53,98,81,42
2026-03-29,ENT013,retention_rate,80,102,137,4.27,51,89,34
2026-03-29,ENT014,exception_rate,92,79,7366,9.31,153,74,71
2026-03-29,ENT015,retention_rate,151,131,2189,9.76,135,74,56
2026-03-29,ENT016,cash_fill_accuracy,249,286,2800,5.03,65,92,41
2026-03-29,ENT017,portfolio_value,162,165,8707,9.79,177,77,40
2026-03-29,ENT018,activation_rate,215,161,253,8.99,33,80,50
2026-03-29,ENT019,portfolio_value,242,271,3378,7.94,201,82,53
2026-03-29,ENT020,retention_rate,167,162,5524,8.52,75,76,44
2026-03-29,ENT021,exception_rate,275,220,8123,2.34,48,99,11
2026-03-29,ENT022,activation_rate,100,94,1600,7.07,35,83,54
2026-03-29,ENT023,retention_rate,231,173,5600,2.76,82,93,28
2026-03-29,ENT024,portfolio_value,154,119,4961,2.26,59,96,18
2026-03-30,ENT001,retention_rate,78,65,4436,8.68,62,77,60
2026-03-30,ENT002,activation_rate,98,123,5926,2.94,147,97,25
2026-03-30,ENT003,cash_fill_accuracy,114,106,6333,13.36,67,67,73
2026-03-30,ENT004,exception_rate,92,81,7126,7.28,176,83,31
2026-03-30,ENT005,retention_rate,229,165,8855,7.85,55,77,51
2026-03-30,ENT006,exception_rate,163,187,8446,6.78,132,84,30
2026-03-30,ENT007,retention_rate,240,262,8214,11.15,106,67,57
2026-03-30,ENT008,cash_fill_accuracy,110,83,894,3.38,135,94,20
2026-03-30,ENT009,retention_rate,231,256,2063,9.16,207,75,37
2026-03-30,ENT010,service_cost,275,248,5070,13.5,214,67,80
2026-03-30,ENT011,retention_rate,236,271,1196,10.82,38,72,66
2026-03-30,ENT012,portfolio_value,152,178,2593,7.11,104,83,46
2026-03-30,ENT013,exception_rate,156,144,5582,13.16,129,64,62
2026-03-30,ENT014,service_cost,232,220,1328,2.8,163,94,28
2026-03-30,ENT015,portfolio_value,82,79,7148,5.33,47,85,35
2026-03-30,ENT016,portfolio_value,190,167,2491,6.82,26,80,57
2026-03-30,ENT017,exception_rate,213,262,1491,11.69,237,68,51
2026-03-30,ENT018,activation_rate,77,69,3443,4.15,209,89,37
2026-03-30,ENT019,activation_rate,110,98,8498,4.88,208,92,48
2026-03-30,ENT020,retention_rate,229,256,470,1.59,77,96,20
2026-03-30,ENT021,activation_rate,107,89,3784,13.85,150,59,61
2026-03-30,ENT022,activation_rate,98,105,497,5.78,131,89,40
2026-03-30,ENT023,activation_rate,145,178,1749,10.95,29,70,54
2026-03-30,ENT024,retention_rate,89,95,6031,14.28,206,61,78
2026-03-31,ENT001,portfolio_value,106,134,4854,7,63,86,43
2026-03-31,ENT002,portfolio_value,183,168,111,6.66,165,88,29
2026-03-31,ENT003,cash_fill_accuracy,150,167,6402,3.3,48,91,29
2026-03-31,ENT004,activation_rate,264,190,2612,13.52,141,65,86
2026-03-31,ENT005,activation_rate,189,221,2249,8.76,59,76,41
2026-03-31,ENT006,portfolio_value,249,309,1679,3.57,97,93,23
2026-03-31,ENT007,retention_rate,225,281,2513,4.93,235,86,52
2026-03-31,ENT008,activation_rate,203,166,1106,4.7,67,94,24
2026-03-31,ENT009,cash_fill_accuracy,256,218,7596,2.05,111,96,37
2026-03-31,ENT010,activation_rate,247,193,5293,4.02,171,93,18
2026-03-31,ENT011,retention_rate,180,218,2058,4.13,224,93,46
2026-03-31,ENT012,service_cost,247,304,4185,3.97,173,93,31
2026-03-31,ENT013,retention_rate,132,144,1998,13.01,80,68,77
2026-03-31,ENT014,cash_fill_accuracy,154,122,2824,13.31,179,67,85
2026-03-31,ENT015,service_cost,175,184,4327,6.42,220,83,39
2026-03-31,ENT016,cash_fill_accuracy,121,108,6296,12.26,196,66,80
2026-03-31,ENT017,activation_rate,206,192,7393,7.07,176,81,28
2026-03-31,ENT018,retention_rate,195,195,4677,8.49,145,75,45
2026-03-31,ENT019,service_cost,78,59,4848,8.64,91,79,68
2026-03-31,ENT020,portfolio_value,225,275,2584,2.25,105,99,33
2026-03-31,ENT021,exception_rate,149,153,6278,5.92,40,85,36
2026-03-31,ENT022,exception_rate,194,165,4117,3.38,96,98,43
2026-03-31,ENT023,cash_fill_accuracy,112,92,4307,11.83,50,70,48
2026-03-31,ENT024,activation_rate,129,134,6730,9.4,98,76,62
2026-04-01,ENT001,cash_fill_accuracy,196,169,4147,9.52,114,79,45
2026-04-01,ENT002,portfolio_value,220,242,4022,9.56,63,73,67
2026-04-01,ENT003,service_cost,206,227,8545,8.36,201,80,55
2026-04-01,ENT004,cash_fill_accuracy,80,88,6354,1.92,153,99,27
2026-04-01,ENT005,portfolio_value,77,75,2729,9.09,48,74,67
2026-04-01,ENT006,portfolio_value,159,167,7969,10.39,79,76,41
2026-04-01,ENT007,portfolio_value,211,184,1800,7.82,80,79,50
2026-04-01,ENT008,service_cost,139,168,7611,10.8,20,74,54
2026-04-01,ENT009,retention_rate,89,65,8913,13.13,63,64,54
2026-04-01,ENT010,service_cost,139,106,2393,12.98,184,63,87
2026-04-01,ENT011,activation_rate,117,113,229,11.09,25,69,52
2026-04-01,ENT012,activation_rate,182,158,8432,12.8,138,69,57
2026-04-01,ENT013,activation_rate,238,259,7981,8.37,44,78,44
2026-04-01,ENT014,cash_fill_accuracy,107,118,1185,9.23,190,80,40
2026-04-01,ENT015,portfolio_value,268,295,7303,10.29,35,75,67
2026-04-01,ENT016,retention_rate,116,103,7447,8.42,36,78,51
2026-04-01,ENT017,activation_rate,235,174,8215,11.86,220,65,83
2026-04-01,ENT018,activation_rate,253,230,1091,1.77,142,99,18
2026-04-01,ENT019,activation_rate,67,60,4893,1.84,228,95,11
2026-04-01,ENT020,activation_rate,93,112,3981,8.95,161,77,68
2026-04-01,ENT021,cash_fill_accuracy,146,159,5213,5.86,25,88,56
2026-04-01,ENT022,exception_rate,153,139,8477,4.02,89,94,33
2026-04-01,ENT023,activation_rate,134,134,6783,12.41,154,68,77
2026-04-01,ENT024,activation_rate,79,66,6979,10.44,50,69,52
2026-04-02,ENT001,activation_rate,173,216,8648,2.93,153,97,11
2026-04-02,ENT002,service_cost,272,256,3642,14.16,84,61,87
2026-04-02,ENT003,cash_fill_accuracy,148,142,5158,7.91,166,81,35
2026-04-02,ENT004,retention_rate,72,91,8239,6.69,157,80,45
2026-04-02,ENT005,portfolio_value,229,192,6593,6.89,45,79,45
2026-04-02,ENT006,portfolio_value,247,259,3267,2.14,181,96,31
2026-04-02,ENT007,exception_rate,143,107,6276,10.57,49,75,43
2026-04-02,ENT008,cash_fill_accuracy,100,82,258,2.29,24,99,37
2026-04-02,ENT009,exception_rate,146,158,1196,12.82,173,65,65
2026-04-02,ENT010,activation_rate,174,164,6885,13.66,212,61,74
2026-04-02,ENT011,portfolio_value,75,65,3715,7.83,163,84,38
2026-04-02,ENT012,portfolio_value,220,191,2990,12.57,114,68,77
2026-04-02,ENT013,service_cost,111,101,8681,7.07,214,82,47
2026-04-02,ENT014,exception_rate,179,200,5809,14.21,240,63,63
2026-04-02,ENT015,portfolio_value,254,310,5129,4.43,73,91,20
2026-04-02,ENT016,service_cost,90,68,1405,11.66,204,72,74
2026-04-02,ENT017,activation_rate,232,200,5832,6.25,191,84,41
2026-04-02,ENT018,exception_rate,206,237,968,6.02,103,87,48
2026-04-02,ENT019,cash_fill_accuracy,265,273,5488,9.37,145,76,62
2026-04-02,ENT020,cash_fill_accuracy,258,299,7930,10.42,78,76,71
2026-04-02,ENT021,exception_rate,112,97,1347,5.23,16,85,32
2026-04-02,ENT022,portfolio_value,224,193,2907,2.11,99,95,14
2026-04-02,ENT023,exception_rate,264,314,4919,9.91,180,71,71
2026-04-02,ENT024,activation_rate,229,165,8929,4.49,208,91,50
2026-04-03,ENT001,activation_rate,134,109,161,3.17,176,97,44
2026-04-03,ENT002,exception_rate,238,195,5028,13.24,74,68,86
2026-04-03,ENT003,retention_rate,111,92,8706,10.57,94,75,42
2026-04-03,ENT004,retention_rate,180,203,383,13.29,154,61,65
2026-04-03,ENT005,portfolio_value,176,181,3448,3.48,132,96,14
2026-04-03,ENT006,exception_rate,280,202,1431,8.96,105,77,62
2026-04-03,ENT007,activation_rate,238,302,532,7.16,152,81,44
2026-04-03,ENT008,activation_rate,106,95,5731,1.98,168,99,15
2026-04-03,ENT009,exception_rate,253,321,8618,13.82,151,64,84
2026-04-03,ENT010,exception_rate,197,201,4753,8.57,44,82,41
2026-04-03,ENT011,exception_rate,136,129,4913,12.72,50,66,85
2026-04-03,ENT012,activation_rate,246,256,4507,11.5,46,66,68
2026-04-03,ENT013,service_cost,88,108,395,7.15,159,82,40
2026-04-03,ENT014,cash_fill_accuracy,82,59,1567,3.15,204,94,27
2026-04-03,ENT015,activation_rate,81,87,6924,5.58,58,90,27
2026-04-03,ENT016,cash_fill_accuracy,223,239,3702,2.56,46,99,10
2026-04-03,ENT017,portfolio_value,186,201,4345,12.67,200,70,58
2026-04-03,ENT018,retention_rate,274,200,5902,7.52,216,83,48
2026-04-03,ENT019,portfolio_value,270,289,5719,7.34,108,84,44
2026-04-03,ENT020,service_cost,124,93,2085,11.61,200,72,70
2026-04-03,ENT021,cash_fill_accuracy,115,107,6587,11.84,208,72,80
2026-04-03,ENT022,exception_rate,66,68,5726,8.29,171,77,66
2026-04-03,ENT023,activation_rate,181,165,5604,4.84,22,86,47
2026-04-03,ENT024,exception_rate,277,319,8042,7.91,88,83,58
2026-04-04,ENT001,service_cost,226,192,7318,3.42,234,96,33
2026-04-04,ENT002,activation_rate,73,53,7542,2.83,165,94,18
2026-04-04,ENT003,service_cost,70,72,7126,2.21,195,99,36
2026-04-04,ENT004,cash_fill_accuracy,183,146,3894,10.44,205,75,68
2026-04-04,ENT005,service_cost,147,122,2973,3.4,219,95,13
2026-04-04,ENT006,cash_fill_accuracy,77,63,711,12.27,68,64,57
2026-04-04,ENT007,activation_rate,120,151,7066,7.84,227,78,33
2026-04-04,ENT008,activation_rate,232,278,8341,9.98,140,75,51
2026-04-04,ENT009,exception_rate,75,61,4061,6.06,220,87,46
2026-04-04,ENT010,exception_rate,108,91,2051,3.5,210,93,42
2026-04-04,ENT011,exception_rate,218,174,7366,8.37,64,76,52
2026-04-04,ENT012,cash_fill_accuracy,200,152,5098,8.05,167,80,42
2026-04-04,ENT013,retention_rate,130,159,8411,9.92,187,72,67
2026-04-04,ENT014,exception_rate,226,249,2316,6.2,12,88,37
2026-04-04,ENT015,activation_rate,178,183,6199,7.74,227,78,35
2026-04-04,ENT016,cash_fill_accuracy,107,92,5340,3.95,107,96,37
2026-04-04,ENT017,service_cost,137,103,1168,4.8,185,88,29
2026-04-04,ENT018,exception_rate,90,91,1877,8.79,41,80,44
2026-04-04,ENT019,activation_rate,164,171,6900,14.11,212,62,67
2026-04-04,ENT020,service_cost,220,196,3094,7.75,16,84,57
2026-04-04,ENT021,exception_rate,276,229,8312,10.75,168,72,72
2026-04-04,ENT022,exception_rate,250,190,1803,10.47,179,71,45
2026-04-04,ENT023,service_cost,261,253,119,13.94,90,63,67
2026-04-04,ENT024,cash_fill_accuracy,190,192,2009,14.27,178,65,60
2026-04-05,ENT001,portfolio_value,221,256,7462,13.11,209,65,76
2026-04-05,ENT002,portfolio_value,212,163,3858,8.2,88,78,56
2026-04-05,ENT003,retention_rate,266,237,8421,10.95,50,68,50
2026-04-05,ENT004,activation_rate,128,134,6427,3.11,199,97,19
2026-04-05,ENT005,retention_rate,209,169,8154,14.48,43,62,91
2026-04-05,ENT006,cash_fill_accuracy,155,171,1585,9.7,115,75,71
2026-04-05,ENT007,activation_rate,112,93,6011,13.11,170,68,64
2026-04-05,ENT008,cash_fill_accuracy,177,182,3549,3.62,142,95,16
2026-04-05,ENT009,service_cost,191,193,7239,8.71,205,81,44
2026-04-05,ENT010,retention_rate,76,70,7063,7.47,156,80,39
2026-04-05,ENT011,retention_rate,82,61,7930,6.67,189,81,38
2026-04-05,ENT012,portfolio_value,77,93,8031,3.93,77,94,41
2026-04-05,ENT013,activation_rate,250,320,6727,6.95,209,79,37
2026-04-05,ENT014,cash_fill_accuracy,215,159,6306,4.77,110,93,50
2026-04-05,ENT015,retention_rate,171,183,7614,8.15,191,77,35
2026-04-05,ENT016,service_cost,247,237,8470,2.94,76,96,28
2026-04-05,ENT017,exception_rate,180,191,4863,11.58,141,70,75
2026-04-05,ENT018,cash_fill_accuracy,198,251,3868,2.62,108,94,34
2026-04-05,ENT019,portfolio_value,80,89,3658,12.31,153,63,62
2026-04-05,ENT020,exception_rate,273,262,3074,10.29,212,69,71
2026-04-05,ENT021,retention_rate,127,109,5049,3.26,205,91,47
2026-04-05,ENT022,portfolio_value,112,138,4997,12.8,54,62,63
2026-04-05,ENT023,retention_rate,76,90,8734,5.21,166,88,40
2026-04-05,ENT024,service_cost,204,206,8592,7.41,110,81,41
2026-04-06,ENT001,activation_rate,160,178,6927,5.92,41,85,29
2026-04-06,ENT002,activation_rate,73,88,6722,5.88,87,90,49
2026-04-06,ENT003,portfolio_value,137,136,4988,3.15,212,96,43
2026-04-06,ENT004,activation_rate,117,130,6789,12.5,79,68,83
2026-04-06,ENT005,portfolio_value,270,292,6371,8.75,86,79,59
2026-04-06,ENT006,service_cost,228,210,6763,2.17,121,99,23
2026-04-06,ENT007,cash_fill_accuracy,161,124,6487,13.71,161,61,64
2026-04-06,ENT008,exception_rate,121,115,6886,2.49,206,99,36
2026-04-06,ENT009,activation_rate,156,172,4415,5.22,215,87,39
2026-04-06,ENT010,exception_rate,109,90,3542,6.76,71,82,51
2026-04-06,ENT011,exception_rate,184,223,5691,9.73,232,72,42
2026-04-06,ENT012,cash_fill_accuracy,139,133,963,4.11,124,94,21
2026-04-06,ENT013,retention_rate,86,73,7250,6.03,190,90,31
2026-04-06,ENT014,portfolio_value,138,150,5096,9.51,87,77,42
2026-04-06,ENT015,portfolio_value,168,121,220,7.3,75,79,54
2026-04-06,ENT016,portfolio_value,124,155,8553,2.85,154,96,29
2026-04-06,ENT017,retention_rate,248,270,8383,13.18,120,65,65
2026-04-06,ENT018,portfolio_value,122,113,2318,11.02,91,72,66
2026-04-06,ENT019,portfolio_value,208,212,1768,13.81,140,63,56
2026-04-06,ENT020,retention_rate,276,287,5290,7.95,165,80,52
2026-04-06,ENT021,exception_rate,111,94,6477,6.93,229,81,55
2026-04-06,ENT022,exception_rate,115,107,4638,9.68,12,75,49
2026-04-06,ENT023,activation_rate,110,103,429,1.9,87,95,35
2026-04-06,ENT024,exception_rate,179,156,3183,13.43,29,64,63
2026-04-07,ENT001,retention_rate,138,105,5353,10.79,178,72,53
2026-04-07,ENT002,portfolio_value,200,150,4346,1.65,237,98,18
2026-04-07,ENT003,cash_fill_accuracy,246,234,372,13.45,147,64,65
2026-04-07,ENT004,exception_rate,91,86,6017,11.07,77,71,66
2026-04-07,ENT005,portfolio_value,74,61,5070,13.55,200,61,70
2026-04-07,ENT006,activation_rate,274,238,3344,6.82,16,81,36
2026-04-07,ENT007,service_cost,267,240,2002,3.64,211,90,39
2026-04-07,ENT008,cash_fill_accuracy,87,97,436,3.43,190,96,11
2026-04-07,ENT009,cash_fill_accuracy,229,229,1921,8.25,188,77,44
2026-04-07,ENT010,retention_rate,266,218,4234,3.9,199,92,35
2026-04-07,ENT011,activation_rate,176,197,1964,9.91,62,78,61
2026-04-07,ENT012,service_cost,273,248,539,3.8,23,93,46
2026-04-07,ENT013,exception_rate,190,224,6279,5.23,156,90,48
2026-04-07,ENT014,cash_fill_accuracy,135,127,1395,8.31,44,80,42
2026-04-07,ENT015,cash_fill_accuracy,115,90,2056,8.95,57,80,59
2026-04-07,ENT016,cash_fill_accuracy,138,164,3282,10.27,144,77,41
2026-04-07,ENT017,portfolio_value,114,137,6911,6.05,232,84,44
2026-04-07,ENT018,service_cost,85,104,7741,7.27,180,84,43
2026-04-07,ENT019,exception_rate,145,177,315,7.74,212,83,31
2026-04-07,ENT020,service_cost,277,222,6320,5.69,218,89,34
2026-04-07,ENT021,retention_rate,80,65,6662,3.57,207,94,42
2026-04-07,ENT022,service_cost,134,101,1205,11.76,100,71,55
2026-04-07,ENT023,exception_rate,255,232,8856,4.49,206,92,35
2026-04-07,ENT024,exception_rate,242,249,8003,9.66,136,75,71
2026-04-08,ENT001,portfolio_value,89,77,4616,7.89,219,84,48
2026-04-08,ENT002,exception_rate,117,124,5015,4.52,212,90,26
2026-04-08,ENT003,retention_rate,138,148,348,1.7,65,97,32
2026-04-08,ENT004,activation_rate,257,298,7378,13.56,25,63,59
2026-04-08,ENT005,cash_fill_accuracy,66,65,5010,7.41,66,82,44
2026-04-08,ENT006,portfolio_value,114,130,7416,5.06,16,86,24
2026-04-08,ENT007,portfolio_value,271,317,6139,6.15,157,89,57
2026-04-08,ENT008,activation_rate,149,186,4188,6.52,13,86,40
2026-04-08,ENT009,cash_fill_accuracy,72,55,8321,7.76,120,84,60
2026-04-08,ENT010,exception_rate,234,171,6272,4.65,157,87,42
2026-04-08,ENT011,activation_rate,193,232,294,2.85,59,99,17
2026-04-08,ENT012,exception_rate,204,204,7796,14.46,233,57,81
2026-04-08,ENT013,portfolio_value,92,80,2341,5.85,186,90,55
2026-04-08,ENT014,activation_rate,188,169,142,5.33,140,86,21
2026-04-08,ENT015,activation_rate,227,243,6633,7.09,148,81,36
2026-04-08,ENT016,retention_rate,93,86,1498,9.05,135,75,56
2026-04-08,ENT017,portfolio_value,249,179,6780,2.86,186,97,27
2026-04-08,ENT018,retention_rate,146,187,6122,6.91,161,83,43
2026-04-08,ENT019,activation_rate,189,221,614,12.45,235,67,61
2026-04-08,ENT020,retention_rate,163,187,4971,11.73,89,69,62
2026-04-08,ENT021,retention_rate,157,137,1904,4.23,163,93,15
2026-04-08,ENT022,service_cost,93,107,6326,6.95,189,80,44
2026-04-08,ENT023,activation_rate,244,185,7453,3.73,19,93,35
2026-04-08,ENT024,exception_rate,146,137,2904,2.69,236,93,32
2026-04-09,ENT001,activation_rate,215,260,8817,6.67,45,83,49
2026-04-09,ENT002,portfolio_value,261,295,1403,13.79,199,63,81
2026-04-09,ENT003,exception_rate,270,332,4002,9.04,232,75,69
2026-04-09,ENT004,activation_rate,234,206,7447,11.91,39,71,65
2026-04-09,ENT005,portfolio_value,98,100,258,11.15,109,73,55
2026-04-09,ENT006,retention_rate,265,252,1620,7.54,168,84,34
2026-04-09,ENT007,retention_rate,280,319,7947,8.72,124,81,59
2026-04-09,ENT008,service_cost,219,269,4685,2.12,104,98,10
2026-04-09,ENT009,portfolio_value,265,315,7646,9.91,63,72,65
2026-04-09,ENT010,service_cost,181,195,101,5.06,76,90,49
2026-04-09,ENT011,cash_fill_accuracy,209,251,6457,13.4,204,61,66
2026-04-09,ENT012,activation_rate,140,106,8161,11.82,129,68,50
2026-04-09,ENT013,retention_rate,236,208,5114,12.45,190,69,50
2026-04-09,ENT014,portfolio_value,116,133,8507,7.98,137,82,34
2026-04-09,ENT015,activation_rate,131,128,772,11.96,187,71,65
2026-04-09,ENT016,service_cost,278,203,5353,12.28,44,70,75
2026-04-09,ENT017,cash_fill_accuracy,101,88,7632,6.55,208,84,39
2026-04-09,ENT018,exception_rate,207,195,3515,2.7,109,94,24
2026-04-09,ENT019,exception_rate,257,272,6212,10.57,133,68,79
2026-04-09,ENT020,portfolio_value,88,80,2278,11.52,236,72,62
2026-04-09,ENT021,retention_rate,86,64,8569,10.23,177,71,57
2026-04-09,ENT022,portfolio_value,190,203,7100,12.39,213,66,67
2026-04-09,ENT023,activation_rate,78,69,7573,6.62,220,88,26
2026-04-09,ENT024,retention_rate,126,95,5647,2.36,187,99,33
2026-04-10,ENT001,portfolio_value,126,147,6449,6.8,49,80,49
2026-04-10,ENT002,portfolio_value,263,321,6254,5.98,216,82,33
2026-04-10,ENT003,activation_rate,79,72,3728,1.82,59,98,31
2026-04-10,ENT004,portfolio_value,123,127,5032,14.34,63,62,69
2026-04-10,ENT005,retention_rate,77,80,4953,9.83,122,76,39
2026-04-10,ENT006,activation_rate,224,166,6503,2.15,117,99,32
2026-04-10,ENT007,activation_rate,241,246,7627,2.1,63,95,33
2026-04-10,ENT008,portfolio_value,266,285,8539,9.8,38,74,47
2026-04-10,ENT009,activation_rate,149,134,4000,11.14,126,74,62
2026-04-10,ENT010,portfolio_value,114,101,5154,4.38,145,87,32
2026-04-10,ENT011,portfolio_value,250,253,1698,4.69,78,90,35
2026-04-10,ENT012,service_cost,130,126,7131,13.82,57,60,78
2026-04-10,ENT013,cash_fill_accuracy,260,315,8666,6.84,136,84,49
2026-04-10,ENT014,activation_rate,222,198,208,13.89,78,66,77
2026-04-10,ENT015,exception_rate,147,172,282,11.06,68,72,49
2026-04-10,ENT016,portfolio_value,178,187,1388,10.28,71,75,67
2026-04-10,ENT017,service_cost,250,315,2421,10.29,120,71,65
2026-04-10,ENT018,portfolio_value,220,163,8204,3.67,155,93,22
2026-04-10,ENT019,exception_rate,110,130,5042,13.97,116,62,74
2026-04-10,ENT020,exception_rate,261,188,1508,6.8,35,85,39
2026-04-10,ENT021,retention_rate,97,81,656,13.12,159,62,68
2026-04-10,ENT022,service_cost,243,301,1778,9.49,159,74,43
2026-04-10,ENT023,service_cost,240,293,4954,10.41,191,76,46
2026-04-10,ENT024,cash_fill_accuracy,258,191,545,8.75,134,76,41
2026-04-11,ENT001,exception_rate,132,104,6075,11.22,228,70,66
2026-04-11,ENT002,activation_rate,239,275,7782,12.85,108,69,65
2026-04-11,ENT003,service_cost,129,108,3073,1.67,154,99,17
2026-04-11,ENT004,activation_rate,79,77,1170,6.32,102,86,28
2026-04-11,ENT005,cash_fill_accuracy,178,137,8702,4.75,188,94,36
2026-04-11,ENT006,cash_fill_accuracy,186,212,246,6.06,22,86,38
2026-04-11,ENT007,service_cost,154,186,7609,6.3,212,84,58
2026-04-11,ENT008,service_cost,94,86,6750,13.4,131,65,67
2026-04-11,ENT009,retention_rate,196,186,3717,11.14,19,69,57
2026-04-11,ENT010,cash_fill_accuracy,94,90,7416,5.16,151,86,46
2026-04-11,ENT011,activation_rate,184,223,5172,8.1,233,81,55
2026-04-11,ENT012,cash_fill_accuracy,274,236,3511,2.7,189,99,24
2026-04-11,ENT013,exception_rate,71,62,375,13.08,47,68,76
2026-04-11,ENT014,service_cost,217,250,4715,10.98,67,71,79
2026-04-11,ENT015,cash_fill_accuracy,224,172,5365,8.14,201,76,64
2026-04-11,ENT016,service_cost,189,146,5135,9.66,21,78,65
2026-04-11,ENT017,activation_rate,253,286,4170,10.53,32,75,43
2026-04-11,ENT018,exception_rate,194,155,3943,9.11,30,73,46
2026-04-11,ENT019,retention_rate,206,179,5111,11.77,221,70,65
2026-04-11,ENT020,exception_rate,86,70,8158,2.51,59,98,18
2026-04-11,ENT021,exception_rate,258,297,7912,7.7,77,77,53
2026-04-11,ENT022,activation_rate,125,110,8677,8.89,73,75,55
2026-04-11,ENT023,retention_rate,194,147,6488,2.58,55,93,27
2026-04-11,ENT024,retention_rate,239,191,898,12.22,53,65,80
2026-04-12,ENT001,cash_fill_accuracy,167,140,649,13.1,177,62,60
2026-04-12,ENT002,exception_rate,141,130,5352,4.44,234,94,25
2026-04-12,ENT003,exception_rate,180,137,7811,7.47,42,79,36
2026-04-12,ENT004,service_cost,96,76,8046,2.55,213,93,37
2026-04-12,ENT005,activation_rate,201,239,3343,13.47,215,65,65
2026-04-12,ENT006,cash_fill_accuracy,186,223,7857,13.65,99,60,57
2026-04-12,ENT007,exception_rate,75,83,3634,5.55,183,91,46
2026-04-12,ENT008,activation_rate,209,219,1471,13.02,71,68,64
2026-04-12,ENT009,retention_rate,71,61,6437,12.83,194,67,65
2026-04-12,ENT010,cash_fill_accuracy,236,264,4020,13.16,168,63,71
2026-04-12,ENT011,activation_rate,145,123,2585,6.23,137,88,26
2026-04-12,ENT012,service_cost,84,79,7260,2.9,72,98,20
2026-04-12,ENT013,cash_fill_accuracy,273,347,5528,6.47,232,85,34
2026-04-12,ENT014,portfolio_value,81,70,206,3.4,35,97,35
2026-04-12,ENT015,service_cost,148,186,610,10.18,140,72,67
2026-04-12,ENT016,exception_rate,117,137,7595,7.25,210,84,41
2026-04-12,ENT017,portfolio_value,151,146,1370,6.94,110,83,49
2026-04-12,ENT018,activation_rate,189,151,3476,8.53,207,82,57
2026-04-12,ENT019,retention_rate,194,244,7733,9.33,87,75,72
2026-04-12,ENT020,service_cost,93,90,3195,6.87,24,84,46
2026-04-12,ENT021,cash_fill_accuracy,260,325,8795,5.05,181,87,50
2026-04-12,ENT022,portfolio_value,193,195,3748,11.5,56,68,81
2026-04-12,ENT023,portfolio_value,102,88,3454,12.89,222,62,82
2026-04-12,ENT024,cash_fill_accuracy,252,234,4399,6.34,200,87,28
2026-04-13,ENT001,activation_rate,218,242,3192,8.89,233,74,39
2026-04-13,ENT002,portfolio_value,192,227,557,6.03,98,88,23
2026-04-13,ENT003,exception_rate,258,289,8108,8.32,218,81,64
2026-04-13,ENT004,retention_rate,223,285,4398,8.01,58,80,46
2026-04-13,ENT005,exception_rate,212,246,784,4.8,172,87,53
2026-04-13,ENT006,service_cost,97,121,3055,9.59,166,76,60
2026-04-13,ENT007,service_cost,111,87,2591,13.34,98,62,77
2026-04-13,ENT008,service_cost,93,74,6004,11.99,62,72,51
2026-04-13,ENT009,activation_rate,136,110,5116,9.4,20,80,40
2026-04-13,ENT010,exception_rate,279,223,3251,11.42,100,66,73
2026-04-13,ENT011,retention_rate,107,86,8632,10.96,227,70,48
2026-04-13,ENT012,service_cost,197,144,3803,3.15,222,98,13
2026-04-13,ENT013,activation_rate,237,265,7044,4.57,145,90,41
2026-04-13,ENT014,activation_rate,66,50,2771,11.54,197,66,68
2026-04-13,ENT015,retention_rate,186,173,8518,14.43,178,60,61
2026-04-13,ENT016,portfolio_value,252,214,2000,3.13,97,98,18
2026-04-13,ENT017,activation_rate,253,207,2586,2.45,122,97,27
2026-04-13,ENT018,cash_fill_accuracy,104,120,3937,7.71,76,80,48
2026-04-13,ENT019,exception_rate,210,179,7535,2.29,96,99,9
2026-04-13,ENT020,exception_rate,222,255,5496,5.34,162,86,52
2026-04-13,ENT021,exception_rate,278,239,1834,6.45,97,87,33
2026-04-13,ENT022,exception_rate,213,236,848,8.47,40,78,36
2026-04-13,ENT023,cash_fill_accuracy,179,140,7203,9.33,16,73,46
2026-04-13,ENT024,service_cost,101,128,2048,13.96,210,60,72
2026-04-14,ENT001,cash_fill_accuracy,111,107,2198,11.26,108,71,52
2026-04-14,ENT002,portfolio_value,238,257,6141,7.14,171,82,31
2026-04-14,ENT003,cash_fill_accuracy,230,189,5280,9.6,92,75,55
2026-04-14,ENT004,cash_fill_accuracy,129,142,6872,4.91,39,89,37
2026-04-14,ENT005,exception_rate,120,97,6243,2.8,81,99,19
2026-04-14,ENT006,retention_rate,275,327,6390,7.77,97,80,50
2026-04-14,ENT007,activation_rate,208,220,4681,7.43,138,80,46
2026-04-14,ENT008,service_cost,144,105,198,3.9,133,95,47
2026-04-14,ENT009,exception_rate,165,190,3854,10.28,61,77,50
2026-04-14,ENT010,retention_rate,230,281,6703,12.21,133,65,72
2026-04-14,ENT011,exception_rate,97,92,4558,11.41,85,73,59
2026-04-14,ENT012,exception_rate,232,234,7557,8.4,70,80,64
2026-04-14,ENT013,retention_rate,244,239,7911,2.19,209,94,30
2026-04-14,ENT014,exception_rate,257,303,3968,7.06,144,81,53
2026-04-14,ENT015,retention_rate,233,231,300,8.4,211,76,49
2026-04-14,ENT016,portfolio_value,76,62,1652,13.65,113,60,71
2026-04-14,ENT017,retention_rate,279,254,770,3.26,120,97,20
2026-04-14,ENT018,exception_rate,110,139,4690,2.68,223,99,24
2026-04-14,ENT019,retention_rate,228,246,1371,2.51,227,93,15
2026-04-14,ENT020,activation_rate,253,218,486,12.65,75,62,57
2026-04-14,ENT021,activation_rate,112,105,5626,3.48,191,93,20
2026-04-14,ENT022,exception_rate,218,174,7148,7.21,13,81,49
2026-04-14,ENT023,retention_rate,265,270,4555,2.14,190,94,43
2026-04-14,ENT024,cash_fill_accuracy,78,79,4918,9.15,225,74,57
2026-04-15,ENT001,exception_rate,156,158,6229,10.14,24,77,69
2026-04-15,ENT002,cash_fill_accuracy,180,182,1399,13.54,73,61,60
2026-04-15,ENT003,retention_rate,231,268,2871,6.93,45,84,29
2026-04-15,ENT004,service_cost,186,143,7584,4.7,156,87,41
2026-04-15,ENT005,retention_rate,98,97,408,8.77,24,80,49
2026-04-15,ENT006,portfolio_value,271,290,4960,12.35,51,64,63
2026-04-15,ENT007,activation_rate,154,185,3415,7.81,85,82,38
2026-04-15,ENT008,service_cost,168,165,1818,11.59,145,66,62
2026-04-15,ENT009,service_cost,197,246,8986,2.16,28,99,38
2026-04-15,ENT010,activation_rate,150,146,360,5.05,57,90,39
2026-04-15,ENT011,portfolio_value,198,150,599,12.95,34,63,87
2026-04-15,ENT012,activation_rate,74,75,8408,13.88,19,65,59
2026-04-15,ENT013,portfolio_value,202,198,4425,10.39,219,76,70
2026-04-15,ENT014,retention_rate,152,135,6508,3.85,204,94,29
2026-04-15,ENT015,activation_rate,235,266,2915,8.82,192,80,54
2026-04-15,ENT016,activation_rate,203,213,4241,6.4,62,84,33
2026-04-15,ENT017,retention_rate,214,214,8945,5.78,213,85,45
2026-04-15,ENT018,portfolio_value,212,265,7329,5.71,152,86,50
2026-04-15,ENT019,retention_rate,276,345,6168,12.11,63,64,81
2026-04-15,ENT020,activation_rate,234,208,2582,7.75,108,79,45
2026-04-15,ENT021,exception_rate,259,241,5318,3.94,201,94,23
2026-04-15,ENT022,cash_fill_accuracy,81,79,5285,5.35,20,85,45
2026-04-15,ENT023,service_cost,252,287,2402,4.82,181,92,38
2026-04-15,ENT024,service_cost,94,106,8470,8.28,222,80,51
2026-04-16,ENT001,portfolio_value,70,63,8239,11.73,34,72,62
2026-04-16,ENT002,cash_fill_accuracy,185,176,3535,8.27,161,80,39
2026-04-16,ENT003,exception_rate,235,181,6657,12.18,57,66,50
2026-04-16,ENT004,exception_rate,172,158,882,9.11,15,77,61
2026-04-16,ENT005,portfolio_value,162,157,1876,14.27,138,64,82
2026-04-16,ENT006,service_cost,118,127,5935,4.72,16,92,48
2026-04-16,ENT007,portfolio_value,216,246,3452,11.72,233,65,57
2026-04-16,ENT008,activation_rate,238,174,4093,9.15,15,73,44
2026-04-16,ENT009,cash_fill_accuracy,113,131,2314,13.97,144,65,60
2026-04-16,ENT010,exception_rate,153,153,8116,8.73,173,80,45
2026-04-16,ENT011,portfolio_value,113,110,301,11.21,226,71,76
2026-04-16,ENT012,retention_rate,95,120,7393,5.05,70,89,33
2026-04-16,ENT013,activation_rate,70,59,4036,4.47,28,92,36
2026-04-16,ENT014,portfolio_value,161,174,6409,6.08,82,84,37
2026-04-16,ENT015,exception_rate,194,225,954,9.68,131,71,59
2026-04-16,ENT016,service_cost,222,258,771,4.22,31,90,19
2026-04-16,ENT017,service_cost,100,102,6683,9.71,112,71,59
2026-04-16,ENT018,exception_rate,258,206,6759,6.33,108,87,26
2026-04-16,ENT019,service_cost,219,186,5399,10.46,155,73,51
2026-04-16,ENT020,portfolio_value,265,273,1671,11.85,207,70,52
2026-04-16,ENT021,activation_rate,196,188,6130,5.89,151,84,35
2026-04-16,ENT022,portfolio_value,160,158,6891,3.81,164,92,34
2026-04-16,ENT023,activation_rate,89,72,942,8.11,171,82,64
2026-04-16,ENT024,cash_fill_accuracy,118,129,1475,4.91,229,89,41
2026-04-17,ENT001,activation_rate,272,267,3410,12.45,19,65,81
2026-04-17,ENT002,portfolio_value,261,264,5223,3.59,167,93,28
2026-04-17,ENT003,exception_rate,269,325,6804,14.48,167,60,63
2026-04-17,ENT004,cash_fill_accuracy,135,165,1182,10.1,187,72,70
2026-04-17,ENT005,activation_rate,163,126,4715,14.11,163,60,86
2026-04-17,ENT006,activation_rate,121,120,873,8.54,38,78,42
2026-04-17,ENT007,portfolio_value,74,73,2764,6.66,21,84,27
2026-04-17,ENT008,exception_rate,268,260,2485,12.92,173,66,61
2026-04-17,ENT009,service_cost,276,304,3550,12.88,234,61,73
2026-04-17,ENT010,retention_rate,195,142,2575,6.26,156,82,55
2026-04-17,ENT011,cash_fill_accuracy,247,188,517,5.04,187,87,43
2026-04-17,ENT012,retention_rate,73,91,7779,9.61,56,77,60
2026-04-17,ENT013,service_cost,78,76,7501,1.99,230,99,9
2026-04-17,ENT014,cash_fill_accuracy,104,83,1920,8.14,221,81,41
2026-04-17,ENT015,portfolio_value,163,168,7997,8.24,93,79,57
2026-04-17,ENT016,activation_rate,208,183,2312,7.19,164,81,58
2026-04-17,ENT017,activation_rate,247,257,2547,4.98,40,89,28
2026-04-17,ENT018,cash_fill_accuracy,146,130,114,10.33,164,71,71
2026-04-17,ENT019,portfolio_value,193,222,2611,6.18,199,88,38
2026-04-17,ENT020,cash_fill_accuracy,72,89,7710,10.43,146,71,76
2026-04-17,ENT021,exception_rate,98,73,6587,10.63,122,72,58
2026-04-17,ENT022,retention_rate,220,194,7983,6.74,147,86,58
2026-04-17,ENT023,service_cost,204,198,2607,6.01,168,85,24
2026-04-17,ENT024,activation_rate,170,173,1696,8.89,108,74,49
2026-04-18,ENT001,exception_rate,156,181,6996,11.98,146,68,81
2026-04-18,ENT002,cash_fill_accuracy,254,226,1367,2.05,109,99,16
2026-04-18,ENT003,cash_fill_accuracy,199,163,4626,6.18,13,87,29
2026-04-18,ENT004,exception_rate,176,157,7290,2.89,161,92,28
2026-04-18,ENT005,exception_rate,224,237,5223,6.35,121,88,41
2026-04-18,ENT006,service_cost,206,255,1405,11.71,219,69,72
2026-04-18,ENT007,cash_fill_accuracy,104,103,1550,9.38,88,73,52
2026-04-18,ENT008,activation_rate,226,260,3607,3.49,193,90,15
2026-04-18,ENT009,retention_rate,244,203,7879,8.33,178,76,61
2026-04-18,ENT010,service_cost,66,54,3172,9.93,194,74,50
2026-04-18,ENT011,service_cost,197,223,335,9.57,182,79,67
2026-04-18,ENT012,retention_rate,271,325,6143,6.54,92,88,59
2026-04-18,ENT013,activation_rate,78,63,8888,10.77,109,75,42
2026-04-18,ENT014,retention_rate,68,64,2440,7.68,211,79,40
2026-04-18,ENT015,service_cost,250,213,4175,4.99,203,85,38
2026-04-18,ENT016,activation_rate,74,89,4326,5.65,209,85,39
2026-04-18,ENT017,cash_fill_accuracy,159,200,7332,10.77,49,71,51
2026-04-18,ENT018,retention_rate,261,238,4597,13.71,224,64,60
2026-04-18,ENT019,exception_rate,172,138,3579,11.14,176,74,71
2026-04-18,ENT020,service_cost,78,79,6125,5.19,212,87,47
2026-04-18,ENT021,activation_rate,195,246,7450,9.72,25,77,41
2026-04-18,ENT022,portfolio_value,80,66,6810,8.53,186,75,55
2026-04-18,ENT023,retention_rate,224,226,3136,8.77,13,76,39
2026-04-18,ENT024,portfolio_value,108,132,2364,7.32,231,79,45
2026-04-19,ENT001,retention_rate,249,239,798,13.26,181,67,85
2026-04-19,ENT002,exception_rate,279,273,6941,9.4,59,78,53
2026-04-19,ENT003,portfolio_value,161,147,3670,8.91,204,75,51
2026-04-19,ENT004,cash_fill_accuracy,236,238,2403,11.92,169,70,53
2026-04-19,ENT005,cash_fill_accuracy,90,91,1929,5.3,94,86,55
2026-04-19,ENT006,activation_rate,138,108,3548,5.38,33,90,51
2026-04-19,ENT007,retention_rate,92,87,2241,13.86,213,64,70
2026-04-19,ENT008,exception_rate,132,114,7380,3.69,163,93,45
2026-04-19,ENT009,activation_rate,271,233,3792,13.01,144,63,84
2026-04-19,ENT010,retention_rate,259,254,4810,9.26,75,78,40
2026-04-19,ENT011,portfolio_value,259,262,1069,4.17,78,91,34
2026-04-19,ENT012,exception_rate,144,132,1290,4.04,124,96,42
2026-04-19,ENT013,retention_rate,192,200,4494,2.85,143,93,20
2026-04-19,ENT014,portfolio_value,196,165,1758,5.61,155,84,46
2026-04-19,ENT015,portfolio_value,188,160,7527,3.68,185,90,42
2026-04-19,ENT016,cash_fill_accuracy,218,218,4505,6.19,195,83,33
2026-04-19,ENT017,activation_rate,251,223,7298,10.51,20,73,50
2026-04-19,ENT018,cash_fill_accuracy,180,178,3963,2.77,18,95,16
2026-04-19,ENT019,service_cost,182,144,7388,14.46,124,62,59
2026-04-19,ENT020,retention_rate,117,133,2413,14.11,66,59,82
2026-04-19,ENT021,portfolio_value,124,100,2784,10.97,53,71,70
2026-04-19,ENT022,cash_fill_accuracy,257,298,3852,6.84,98,83,47
2026-04-19,ENT023,service_cost,255,265,501,3.87,56,93,42
2026-04-19,ENT024,retention_rate,278,281,7860,3.52,116,93,45
2026-04-20,ENT001,activation_rate,268,303,4530,9.47,177,79,50
2026-04-20,ENT002,cash_fill_accuracy,74,93,3468,8.69,149,74,69
2026-04-20,ENT003,exception_rate,129,155,790,8.55,37,77,43
2026-04-20,ENT004,cash_fill_accuracy,93,102,7627,12.93,42,66,82
2026-04-20,ENT005,activation_rate,205,207,4509,2.5,220,97,26
2026-04-20,ENT006,exception_rate,167,152,5553,9.95,154,77,59
2026-04-20,ENT007,activation_rate,91,76,578,4.36,235,93,28
2026-04-20,ENT008,activation_rate,276,262,7035,13.61,229,64,79
2026-04-20,ENT009,retention_rate,239,294,8772,3.85,126,96,16
2026-04-20,ENT010,portfolio_value,242,252,4623,10.02,101,72,43
2026-04-20,ENT011,service_cost,139,153,6264,10.47,28,75,66
2026-04-20,ENT012,activation_rate,279,257,3178,13.59,155,65,82
2026-04-20,ENT013,cash_fill_accuracy,166,136,1767,5.54,185,84,53
2026-04-20,ENT014,service_cost,252,280,4814,6.07,210,83,25
2026-04-20,ENT015,cash_fill_accuracy,192,165,2645,11.29,49,67,67
2026-04-20,ENT016,exception_rate,231,231,2770,5.65,211,87,45
2026-04-20,ENT017,retention_rate,136,135,8779,3.88,121,91,23
2026-04-20,ENT018,activation_rate,179,149,2036,6.02,20,87,35
2026-04-20,ENT019,portfolio_value,90,103,6434,8.51,138,82,35
2026-04-20,ENT020,activation_rate,75,65,4301,6.38,110,85,28
2026-04-20,ENT021,service_cost,221,270,6729,12.44,230,70,60
2026-04-20,ENT022,retention_rate,250,305,1818,2.57,214,94,17
2026-04-20,ENT023,service_cost,245,176,3821,8.07,22,80,62
2026-04-20,ENT024,exception_rate,215,206,6956,4.09,22,88,19
2026-04-21,ENT001,portfolio_value,200,180,4455,10.04,15,77,38
2026-04-21,ENT002,service_cost,77,56,1465,12.18,110,66,81
2026-04-21,ENT003,retention_rate,129,135,3991,7.2,233,85,41
2026-04-21,ENT004,portfolio_value,226,181,1700,10.87,124,68,70
2026-04-21,ENT005,cash_fill_accuracy,206,222,7032,5.78,237,83,51
2026-04-21,ENT006,service_cost,165,137,7898,10.08,169,71,74
2026-04-21,ENT007,portfolio_value,211,156,3450,7.37,51,80,57
2026-04-21,ENT008,service_cost,140,102,6954,10.6,137,71,58
2026-04-21,ENT009,cash_fill_accuracy,80,83,6853,13.03,177,68,81
2026-04-21,ENT010,retention_rate,185,179,1976,8.25,174,80,34
2026-04-21,ENT011,portfolio_value,240,281,3856,14.32,13,62,88
2026-04-21,ENT012,exception_rate,239,301,6153,10.89,16,71,71
2026-04-21,ENT013,cash_fill_accuracy,228,255,1466,10.41,146,76,47
2026-04-21,ENT014,activation_rate,271,222,936,3.47,137,92,19
2026-04-21,ENT015,service_cost,101,84,3109,12.08,90,70,55
2026-04-21,ENT016,cash_fill_accuracy,186,173,1273,4.13,174,94,32
2026-04-21,ENT017,cash_fill_accuracy,123,130,2498,6.83,118,87,41
2026-04-21,ENT018,portfolio_value,157,127,4870,3.24,75,97,24
2026-04-21,ENT019,cash_fill_accuracy,247,232,4262,1.91,142,99,9
2026-04-21,ENT020,exception_rate,107,135,3904,6.48,117,85,48
2026-04-21,ENT021,portfolio_value,232,248,8891,2.43,182,93,43
2026-04-21,ENT022,cash_fill_accuracy,252,265,5647,12.87,235,64,56
2026-04-21,ENT023,retention_rate,195,197,6606,2.36,149,97,20
2026-04-21,ENT024,retention_rate,156,187,8494,5.86,38,85,37
2026-04-22,ENT001,service_cost,87,65,6905,1.65,91,99,31
2026-04-22,ENT002,exception_rate,134,101,4753,9.4,186,78,64
2026-04-22,ENT003,cash_fill_accuracy,243,248,5670,10.25,205,73,65
2026-04-22,ENT004,activation_rate,89,93,1268,13.96,132,65,58
2026-04-22,ENT005,cash_fill_accuracy,216,168,5796,13.18,170,63,74
2026-04-22,ENT006,retention_rate,274,277,4372,6.66,182,88,32
2026-04-22,ENT007,portfolio_value,183,167,2137,13.63,69,64,71
2026-04-22,ENT008,retention_rate,123,93,4828,14.24,145,62,68
2026-04-22,ENT009,activation_rate,211,249,2137,10.98,178,67,78
2026-04-22,ENT010,cash_fill_accuracy,94,85,7383,3.22,27,94,23
2026-04-22,ENT011,service_cost,159,175,1851,4.86,70,88,45
2026-04-22,ENT012,retention_rate,72,76,6792,13.91,51,63,87
2026-04-22,ENT013,service_cost,232,190,6579,12.26,220,70,79
2026-04-22,ENT014,exception_rate,126,106,8444,8.45,210,79,41
2026-04-22,ENT015,exception_rate,239,203,6889,6.54,202,81,36
2026-04-22,ENT016,exception_rate,212,257,4395,4.95,58,93,45
2026-04-22,ENT017,retention_rate,145,106,8168,12.52,63,65,65
2026-04-22,ENT018,activation_rate,69,63,2909,3.47,86,91,24
2026-04-22,ENT019,activation_rate,196,200,6647,6.53,118,87,40
2026-04-22,ENT020,activation_rate,206,260,4490,3.12,148,92,21
2026-04-22,ENT021,service_cost,171,133,1110,11.51,46,73,78
2026-04-22,ENT022,retention_rate,84,71,4668,6.14,152,84,27
2026-04-22,ENT023,activation_rate,158,115,4598,9.99,46,73,59
2026-04-22,ENT024,exception_rate,175,161,5705,8.93,79,80,57
2026-04-23,ENT001,cash_fill_accuracy,237,178,2604,13.24,170,67,82
2026-04-23,ENT002,activation_rate,145,171,1548,6.13,224,85,36
2026-04-23,ENT003,activation_rate,176,128,451,13.3,104,63,67
2026-04-23,ENT004,cash_fill_accuracy,270,332,7368,7.67,70,77,53
2026-04-23,ENT005,service_cost,194,182,8248,13.02,98,63,56
2026-04-23,ENT006,activation_rate,259,241,8834,3.84,124,96,13
2026-04-23,ENT007,activation_rate,223,256,7991,4.14,69,89,34
2026-04-23,ENT008,service_cost,244,295,580,8.37,113,81,63
2026-04-23,ENT009,portfolio_value,244,249,957,10.38,68,73,50
2026-04-23,ENT010,service_cost,247,264,6828,10.46,132,76,49
2026-04-23,ENT011,exception_rate,194,178,1563,13.45,67,66,59
2026-04-23,ENT012,service_cost,94,116,3901,4.86,206,93,37
2026-04-23,ENT013,exception_rate,83,96,4482,9.14,204,76,64
2026-04-23,ENT014,portfolio_value,174,190,3287,8.93,75,76,53
2026-04-23,ENT015,exception_rate,122,143,5265,11.41,110,69,61
2026-04-23,ENT016,activation_rate,277,205,908,1.71,121,99,33
2026-04-23,ENT017,service_cost,190,175,3132,4.39,66,88,45
2026-04-23,ENT018,cash_fill_accuracy,137,173,6667,5.97,13,88,29
2026-04-23,ENT019,exception_rate,179,227,3755,11.5,103,68,79
2026-04-23,ENT020,exception_rate,206,229,2635,14.27,90,58,60
2026-04-23,ENT021,service_cost,107,96,4212,8.47,17,82,66
2026-04-23,ENT022,retention_rate,263,247,8279,6.04,236,86,30
2026-04-23,ENT023,portfolio_value,243,270,4687,5.44,67,85,22
2026-04-23,ENT024,service_cost,185,205,2972,3.63,120,92,45
2026-04-24,ENT001,cash_fill_accuracy,156,170,2343,12,78,65,79
2026-04-24,ENT002,activation_rate,279,237,133,11.39,127,66,63
2026-04-24,ENT003,portfolio_value,117,123,3030,2.24,139,99,35
2026-04-24,ENT004,service_cost,116,99,5425,6.69,224,85,32
2026-04-24,ENT005,cash_fill_accuracy,155,132,6226,9.85,161,76,59
2026-04-24,ENT006,exception_rate,156,122,1694,9.04,211,73,42
2026-04-24,ENT007,portfolio_value,170,146,7832,2.15,120,99,9
2026-04-24,ENT008,cash_fill_accuracy,148,184,5280,6.08,187,86,56
2026-04-24,ENT009,cash_fill_accuracy,273,322,2955,14.17,69,63,61
2026-04-24,ENT010,exception_rate,112,86,6364,9.74,107,73,61
2026-04-24,ENT011,portfolio_value,263,210,6538,9.7,155,73,52
2026-04-24,ENT012,service_cost,245,282,7437,8.21,27,78,48
2026-04-24,ENT013,activation_rate,173,130,2624,2.37,177,98,9
2026-04-24,ENT014,exception_rate,180,189,8244,9.05,119,76,54
2026-04-24,ENT015,portfolio_value,181,188,668,7.69,53,78,60
2026-04-24,ENT016,exception_rate,185,146,8574,4.25,224,88,17
2026-04-24,ENT017,activation_rate,84,82,2642,8.13,66,82,52
2026-04-24,ENT018,retention_rate,207,203,2128,13.27,100,63,74
2026-04-24,ENT019,service_cost,278,325,5821,9.17,193,74,49
2026-04-24,ENT020,exception_rate,208,239,6066,9.13,117,80,48
2026-04-24,ENT021,service_cost,159,161,5575,4.39,119,90,46
2026-04-24,ENT022,portfolio_value,72,88,1352,13.46,134,63,82
2026-04-24,ENT023,retention_rate,182,229,7072,5.47,162,91,38
2026-04-24,ENT024,retention_rate,153,185,6904,9.56,193,72,51
2026-04-25,ENT001,exception_rate,259,259,1307,7.34,151,80,45
2026-04-25,ENT002,activation_rate,112,112,2103,11.47,81,67,60
2026-04-25,ENT003,retention_rate,93,70,3572,5.18,120,90,44
2026-04-25,ENT004,exception_rate,105,132,937,3.01,27,94,45
2026-04-25,ENT005,retention_rate,166,179,2719,11.48,96,66,74
2026-04-25,ENT006,exception_rate,266,237,1270,6.89,32,82,51
2026-04-25,ENT007,activation_rate,132,168,8550,8.15,116,79,63
2026-04-25,ENT008,portfolio_value,179,131,5471,10.71,112,73,59
2026-04-25,ENT009,retention_rate,232,172,1086,2.53,234,96,10
2026-04-25,ENT010,service_cost,74,80,5357,10.09,82,70,55
2026-04-25,ENT011,service_cost,125,129,4711,5.5,89,84,49
2026-04-25,ENT012,retention_rate,89,81,2827,12.67,31,62,65
2026-04-25,ENT013,activation_rate,85,94,1763,9.51,50,73,72
2026-04-25,ENT014,service_cost,178,162,3723,3.21,102,94,18
2026-04-25,ENT015,cash_fill_accuracy,256,251,6678,5.63,96,91,45
2026-04-25,ENT016,cash_fill_accuracy,227,247,2784,12.65,55,63,59
2026-04-25,ENT017,service_cost,136,133,6341,13.67,57,64,57
2026-04-25,ENT018,portfolio_value,179,184,4267,5.15,193,88,25
2026-04-25,ENT019,activation_rate,197,173,7471,8.18,83,82,63
2026-04-25,ENT020,activation_rate,152,119,6899,12.17,232,68,80
2026-04-25,ENT021,activation_rate,74,60,3728,13.55,204,61,78
2026-04-25,ENT022,cash_fill_accuracy,135,159,6663,6.56,233,85,41
2026-04-25,ENT023,retention_rate,191,189,5265,4.07,114,90,22
2026-04-25,ENT024,exception_rate,101,82,8505,10.55,156,71,62
2026-04-26,ENT001,cash_fill_accuracy,157,151,5828,11.97,100,70,67
2026-04-26,ENT002,retention_rate,136,106,2362,8.88,104,74,56
2026-04-26,ENT003,retention_rate,186,179,3393,14.49,142,62,93
2026-04-26,ENT004,exception_rate,124,141,1631,4.83,108,91,29
2026-04-26,ENT005,portfolio_value,134,158,2943,2.97,156,91,28
2026-04-26,ENT006,retention_rate,87,100,1353,11.3,145,68,46
2026-04-26,ENT007,exception_rate,271,252,1425,12.88,238,63,74
2026-04-26,ENT008,service_cost,88,70,7763,2.85,147,93,37
2026-04-26,ENT009,cash_fill_accuracy,107,125,8371,10.9,217,71,66
2026-04-26,ENT010,cash_fill_accuracy,139,140,5400,10.79,17,68,68
2026-04-26,ENT011,exception_rate,239,229,4088,2.96,133,97,43
2026-04-26,ENT012,exception_rate,105,133,4486,10.21,104,73,58
2026-04-26,ENT013,retention_rate,101,112,4887,12.35,17,68,54
2026-04-26,ENT014,cash_fill_accuracy,257,254,8045,2.07,69,99,24
2026-04-26,ENT015,cash_fill_accuracy,239,261,3426,5.72,135,83,47
2026-04-26,ENT016,exception_rate,101,95,5760,4.25,45,94,29
2026-04-26,ENT017,portfolio_value,279,312,7183,14.19,92,60,83
2026-04-26,ENT018,portfolio_value,220,180,3527,3.63,195,93,42
2026-04-26,ENT019,service_cost,126,161,5559,7.39,211,80,32
2026-04-26,ENT020,exception_rate,247,291,8402,12.11,38,66,68
2026-04-26,ENT021,activation_rate,82,60,8348,1.54,183,99,33
2026-04-26,ENT022,portfolio_value,271,271,4623,5.73,66,89,21
2026-04-26,ENT023,retention_rate,108,91,3925,11.49,218,66,54
2026-04-26,ENT024,service_cost,102,79,1005,6.68,155,86,33
2026-04-27,ENT001,service_cost,162,168,6629,2.8,149,97,27
2026-04-27,ENT002,exception_rate,251,286,6964,9.4,41,79,59
2026-04-27,ENT003,exception_rate,101,76,6037,12.79,129,69,78
2026-04-27,ENT004,portfolio_value,113,111,8542,10.62,14,74,73
2026-04-27,ENT005,retention_rate,235,207,5427,11.62,194,67,72
2026-04-27,ENT006,service_cost,244,259,6879,13.42,25,64,76
2026-04-27,ENT007,cash_fill_accuracy,158,122,6728,10.34,39,76,52
2026-04-27,ENT008,service_cost,112,115,3160,5.34,152,89,30
2026-04-27,ENT009,activation_rate,156,198,4383,12.95,184,63,87
2026-04-27,ENT010,portfolio_value,154,125,1396,14.36,158,58,93
2026-04-27,ENT011,activation_rate,255,298,5984,7.46,156,79,63
2026-04-27,ENT012,service_cost,178,166,2303,9.03,193,77,44
2026-04-27,ENT013,activation_rate,130,116,8293,8.96,103,78,52
2026-04-27,ENT014,service_cost,127,152,6078,6.52,123,81,58
2026-04-27,ENT015,retention_rate,78,82,8951,11.7,124,69,63
2026-04-27,ENT016,portfolio_value,203,189,6273,11.65,225,67,77
2026-04-27,ENT017,activation_rate,72,86,350,6.12,52,88,31
2026-04-27,ENT018,portfolio_value,125,129,1503,7.99,65,77,63
2026-04-27,ENT019,exception_rate,92,103,8091,8.92,159,76,52
2026-04-27,ENT020,portfolio_value,111,100,7150,13.91,108,64,70
2026-04-27,ENT021,retention_rate,248,184,4584,2.14,22,99,37
2026-04-27,ENT022,portfolio_value,140,141,4630,8.64,133,77,53
2026-04-27,ENT023,activation_rate,257,231,1023,2.21,140,94,15
2026-04-27,ENT024,cash_fill_accuracy,71,68,6627,14.31,164,58,74
2026-04-28,ENT001,exception_rate,204,177,5582,12.02,121,71,74
2026-04-28,ENT002,exception_rate,195,181,6352,9.07,23,74,60
2026-04-28,ENT003,portfolio_value,240,233,8361,11.95,63,70,68
2026-04-28,ENT004,portfolio_value,66,57,7098,9.09,33,78,56
2026-04-28,ENT005,activation_rate,267,307,2009,3,118,98,43
2026-04-28,ENT006,service_cost,127,102,7180,7.66,118,85,43
2026-04-28,ENT007,service_cost,277,211,2358,10.78,43,75,54
2026-04-28,ENT008,exception_rate,110,129,2731,5.26,44,87,50
2026-04-28,ENT009,service_cost,256,282,6606,11.62,130,72,54
2026-04-28,ENT010,retention_rate,234,201,8322,13.57,121,65,89
2026-04-28,ENT011,cash_fill_accuracy,94,119,5024,1.6,80,99,35
2026-04-28,ENT012,activation_rate,248,236,6233,7.61,72,84,37
2026-04-28,ENT013,cash_fill_accuracy,130,94,1589,13.65,160,65,56
2026-04-28,ENT014,portfolio_value,200,202,2761,7.71,194,80,61
2026-04-28,ENT015,retention_rate,203,252,7845,4.57,70,93,21
2026-04-28,ENT016,service_cost,125,149,4246,5.68,225,89,24
2026-04-28,ENT017,cash_fill_accuracy,199,219,1094,2.14,104,96,29
2026-04-28,ENT018,service_cost,168,134,2019,7.77,48,81,53
2026-04-28,ENT019,retention_rate,176,176,7463,5.14,21,92,18
2026-04-28,ENT020,portfolio_value,275,237,1950,12.79,158,64,84
2026-04-28,ENT021,cash_fill_accuracy,267,267,6572,13.42,201,60,82
2026-04-28,ENT022,exception_rate,97,108,474,3.17,81,96,21
2026-04-28,ENT023,portfolio_value,155,130,5679,5.99,62,87,54
2026-04-28,ENT024,service_cost,188,154,5221,14.01,213,61,72
2026-04-29,ENT001,retention_rate,273,221,6791,10.06,126,73,41
2026-04-29,ENT002,exception_rate,190,156,2122,7.15,238,84,55
2026-04-29,ENT003,retention_rate,203,197,529,14.1,210,64,57
2026-04-29,ENT004,cash_fill_accuracy,244,249,2794,5.2,52,92,38
2026-04-29,ENT005,cash_fill_accuracy,83,71,4597,10.91,125,68,73
2026-04-29,ENT006,activation_rate,252,318,2734,4.66,239,92,32
2026-04-29,ENT007,service_cost,91,90,4128,1.69,144,99,13
2026-04-29,ENT008,retention_rate,210,227,1939,5.95,25,85,38
2026-04-29,ENT009,activation_rate,128,110,7991,13.09,107,62,88
2026-04-29,ENT010,portfolio_value,117,136,7699,4.46,37,89,41
2026-04-29,ENT011,portfolio_value,159,159,6984,10.26,116,72,46
2026-04-29,ENT012,activation_rate,95,80,1702,7.65,29,85,40
2026-04-29,ENT013,exception_rate,117,119,3374,4.97,98,86,30
2026-04-29,ENT014,portfolio_value,80,95,5263,13.06,44,61,63
2026-04-29,ENT015,exception_rate,238,248,4767,7.58,41,84,29
2026-04-29,ENT016,activation_rate,156,142,1829,12.43,193,71,77
2026-04-29,ENT017,portfolio_value,111,102,139,5.2,14,86,24
2026-04-29,ENT018,cash_fill_accuracy,250,270,2208,8.72,219,74,70
2026-04-29,ENT019,retention_rate,83,90,7220,4.67,178,87,50
2026-04-29,ENT020,retention_rate,249,251,2759,7.2,192,80,52
2026-04-29,ENT021,portfolio_value,96,115,3921,10.69,118,73,60
2026-04-29,ENT022,cash_fill_accuracy,123,97,6014,6.49,69,83,59
2026-04-29,ENT023,cash_fill_accuracy,232,241,2484,3.82,221,91,29
2026-04-29,ENT024,service_cost,260,278,5631,2.63,163,93,36
2026-04-30,ENT001,exception_rate,194,149,7668,9.61,102,73,50
2026-04-30,ENT002,service_cost,83,90,7017,6.17,18,85,40
2026-04-30,ENT003,retention_rate,69,52,1698,11.59,208,73,80
2026-04-30,ENT004,cash_fill_accuracy,106,131,3359,7.17,18,80,34
2026-04-30,ENT005,cash_fill_accuracy,235,296,568,7.41,237,82,30
2026-04-30,ENT006,exception_rate,117,142,5170,5.33,35,86,21
2026-04-30,ENT007,service_cost,192,219,3315,12.81,67,68,76
2026-04-30,ENT008,portfolio_value,164,126,7395,14.01,127,63,67
2026-04-30,ENT009,cash_fill_accuracy,188,171,3723,13.79,224,60,87
2026-04-30,ENT010,cash_fill_accuracy,241,304,1123,12.31,94,69,57
2026-04-30,ENT011,activation_rate,262,215,2029,9.57,73,78,53
2026-04-30,ENT012,cash_fill_accuracy,196,161,3129,14.12,180,59,84
2026-04-30,ENT013,retention_rate,157,192,7714,3.73,112,89,39
2026-04-30,ENT014,retention_rate,69,64,5144,7.2,172,79,35
2026-04-30,ENT015,activation_rate,77,87,6608,8.22,161,79,55
2026-04-30,ENT016,portfolio_value,210,223,3404,9.24,100,78,42
2026-04-30,ENT017,exception_rate,171,145,8278,8.46,64,77,39
2026-04-30,ENT018,retention_rate,109,78,1435,6.89,23,79,54
2026-04-30,ENT019,activation_rate,218,244,4217,6.38,156,82,45
2026-04-30,ENT020,portfolio_value,242,206,3923,11.86,41,68,67
2026-04-30,ENT021,retention_rate,181,219,6308,11.49,137,68,65
2026-04-30,ENT022,exception_rate,252,202,1658,12.99,86,62,63
2026-04-30,ENT023,exception_rate,113,102,5018,5.95,228,88,22
2026-04-30,ENT024,service_cost,146,128,1086,6.26,159,87,25
