event_id,event_date,entity_id,source_system,event_type,owner_team,route,severity,minutes_to_close,evidence_note,status
EVT0001,2026-01-01,DEV001,Field service queue,cash_out_risk,Processing operations,Route A,Low,135,cash out risk needs processing operations review,watch
EVT0002,2026-01-02,DEV002,Tableau Prep extract,cash_out_risk,Processing operations,Route B,Low,280,cash out risk needs processing operations review,watch
EVT0003,2026-01-03,DEV003,Merchant portal,report_refresh_delay,Cash logistics,Route C,Low,60,report refresh delay needs cash logistics review,open
EVT0004,2026-01-04,DEV004,Excel exception workbook,route_service,Field service,Route D,Low,170,route service needs field service review,open
EVT0005,2026-01-05,DEV005,ATM processor,route_service,Field service,Route E,Low,11,route service needs field service review,watch
EVT0006,2026-01-06,DEV006,Tableau Prep extract,jam_clearance,Reporting analytics,Route F,Medium,924,jam clearance needs reporting analytics review,closed
EVT0007,2026-01-07,DEV007,Excel exception workbook,settlement_review,Merchant support,Route G,High,850,settlement review needs merchant support review,closed
EVT0008,2026-01-08,DEV008,Field service queue,settlement_review,Reporting analytics,Route H,Medium,204,settlement review needs reporting analytics review,watch
EVT0009,2026-01-09,DEV009,Cash logistics file,route_service,Cash logistics,Route A,Medium,384,route service needs cash logistics review,closed
EVT0010,2026-01-10,DEV010,Tableau Prep extract,jam_clearance,Reporting analytics,Route B,Low,300,jam clearance needs reporting analytics review,closed
EVT0011,2026-01-11,DEV011,Merchant portal,cash_out_risk,Processing operations,Route C,Low,65,cash out risk needs processing operations review,closed
EVT0012,2026-01-12,DEV012,Excel exception workbook,settlement_review,Field service,Route D,High,812,settlement review needs field service review,watch
EVT0013,2026-01-13,DEV013,Field service queue,jam_clearance,Processing operations,Route E,Medium,304,jam clearance needs processing operations review,closed
EVT0014,2026-01-14,DEV014,Tableau Prep extract,cash_out_risk,Field service,Route F,Low,279,cash out risk needs field service review,open
EVT0015,2026-01-15,DEV015,Excel exception workbook,settlement_review,Field service,Route G,High,198,settlement review needs field service review,closed
EVT0016,2026-01-16,DEV016,Tableau Prep extract,settlement_review,Merchant support,Route H,Low,31,settlement review needs merchant support review,open
EVT0017,2026-01-17,DEV017,Cash logistics file,cash_load,Reporting analytics,Route A,Low,273,cash load needs reporting analytics review,closed
EVT0018,2026-01-18,DEV018,Tableau Prep extract,comms_alert,Field service,Route B,Medium,513,comms alert needs field service review,open
EVT0019,2026-01-19,DEV019,Field service queue,cash_load,Reporting analytics,Route C,High,57,cash load needs reporting analytics review,watch
EVT0020,2026-01-20,DEV020,Tableau Prep extract,cash_load,Merchant support,Route D,Low,200,cash load needs merchant support review,closed
EVT0021,2026-01-21,DEV021,ATM processor,route_service,Processing operations,Route E,Low,19,route service needs processing operations review,open
EVT0022,2026-01-22,DEV022,Field service queue,cash_load,Cash logistics,Route F,High,1014,cash load needs cash logistics review,open
EVT0023,2026-01-23,DEV023,Merchant portal,cash_load,Field service,Route G,Medium,336,cash load needs field service review,closed
EVT0024,2026-01-24,DEV024,Excel exception workbook,comms_alert,Reporting analytics,Route H,Medium,621,comms alert needs reporting analytics review,closed
EVT0025,2026-01-25,DEV025,Excel exception workbook,jam_clearance,Merchant support,Route A,Low,132,jam clearance needs merchant support review,closed
EVT0026,2026-01-26,DEV026,Cash logistics file,route_service,Field service,Route B,Medium,572,route service needs field service review,closed
EVT0027,2026-01-27,DEV027,Field service queue,cash_load,Field service,Route C,High,952,cash load needs field service review,open
EVT0028,2026-01-28,DEV028,ATM processor,comms_alert,Cash logistics,Route D,Medium,528,comms alert needs cash logistics review,open
EVT0029,2026-01-29,DEV029,Merchant portal,comms_alert,Cash logistics,Route E,Medium,276,comms alert needs cash logistics review,closed
EVT0030,2026-01-30,DEV030,Tableau Prep extract,settlement_review,Field service,Route F,Medium,289,settlement review needs field service review,open
EVT0031,2026-01-31,DEV031,Field service queue,settlement_review,Reporting analytics,Route G,Medium,252,settlement review needs reporting analytics review,watch
EVT0032,2026-02-01,DEV032,Field service queue,jam_clearance,Field service,Route H,Medium,551,jam clearance needs field service review,closed
EVT0033,2026-02-02,DEV033,Field service queue,report_refresh_delay,Reporting analytics,Route A,Low,220,report refresh delay needs reporting analytics review,closed
EVT0034,2026-02-03,DEV034,Merchant portal,cash_out_risk,Reporting analytics,Route B,Medium,527,cash out risk needs reporting analytics review,watch
EVT0035,2026-02-04,DEV035,Cash logistics file,jam_clearance,Field service,Route C,Low,156,jam clearance needs field service review,closed
EVT0036,2026-02-05,DEV036,Tableau Prep extract,merchant_question,Cash logistics,Route D,Medium,525,merchant question needs cash logistics review,open
EVT0037,2026-02-06,DEV001,ATM processor,cash_load,Processing operations,Route A,Low,72,cash load needs processing operations review,open
EVT0038,2026-02-07,DEV002,Tableau Prep extract,cash_load,Processing operations,Route B,Low,32,cash load needs processing operations review,open
EVT0039,2026-02-08,DEV003,Tableau Prep extract,report_refresh_delay,Cash logistics,Route C,High,558,report refresh delay needs cash logistics review,closed
EVT0040,2026-02-09,DEV004,Cash logistics file,jam_clearance,Field service,Route D,Low,72,jam clearance needs field service review,open
EVT0041,2026-02-10,DEV005,Tableau Prep extract,jam_clearance,Field service,Route E,Medium,483,jam clearance needs field service review,closed
EVT0042,2026-02-11,DEV006,Tableau Prep extract,merchant_question,Reporting analytics,Route F,Medium,315,merchant question needs reporting analytics review,closed
EVT0043,2026-02-12,DEV007,ATM processor,cash_load,Merchant support,Route G,Medium,594,cash load needs merchant support review,open
EVT0044,2026-02-13,DEV008,Excel exception workbook,route_service,Reporting analytics,Route H,Medium,448,route service needs reporting analytics review,closed
EVT0045,2026-02-14,DEV009,Cash logistics file,route_service,Cash logistics,Route A,Low,280,route service needs cash logistics review,closed
EVT0046,2026-02-15,DEV010,Cash logistics file,comms_alert,Reporting analytics,Route B,Low,384,comms alert needs reporting analytics review,watch
EVT0047,2026-02-16,DEV011,ATM processor,settlement_review,Processing operations,Route C,Medium,308,settlement review needs processing operations review,closed
EVT0048,2026-02-17,DEV012,Merchant portal,cash_load,Field service,Route D,High,841,cash load needs field service review,closed
EVT0049,2026-02-18,DEV013,ATM processor,settlement_review,Processing operations,Route E,Medium,540,settlement review needs processing operations review,closed
EVT0050,2026-02-19,DEV014,Excel exception workbook,comms_alert,Field service,Route F,Low,121,comms alert needs field service review,closed
EVT0051,2026-02-20,DEV015,Cash logistics file,report_refresh_delay,Field service,Route G,Medium,500,report refresh delay needs field service review,closed
EVT0052,2026-02-21,DEV016,Cash logistics file,report_refresh_delay,Merchant support,Route H,Medium,266,report refresh delay needs merchant support review,watch
EVT0053,2026-02-22,DEV017,Field service queue,jam_clearance,Reporting analytics,Route A,Medium,289,jam clearance needs reporting analytics review,open
EVT0054,2026-02-23,DEV018,Tableau Prep extract,settlement_review,Field service,Route B,Low,23,settlement review needs field service review,open
EVT0055,2026-02-24,DEV019,Excel exception workbook,jam_clearance,Reporting analytics,Route C,High,224,jam clearance needs reporting analytics review,open
EVT0056,2026-02-25,DEV020,Merchant portal,cash_load,Merchant support,Route D,Low,330,cash load needs merchant support review,watch
EVT0057,2026-02-26,DEV021,Cash logistics file,cash_out_risk,Processing operations,Route E,Low,45,cash out risk needs processing operations review,closed
EVT0058,2026-02-27,DEV022,Excel exception workbook,settlement_review,Cash logistics,Route F,Low,216,settlement review needs cash logistics review,closed
EVT0059,2026-02-28,DEV023,Field service queue,comms_alert,Field service,Route G,Low,150,comms alert needs field service review,closed
EVT0060,2026-03-01,DEV024,Excel exception workbook,comms_alert,Reporting analytics,Route H,Low,72,comms alert needs reporting analytics review,closed
EVT0061,2026-03-02,DEV025,Tableau Prep extract,jam_clearance,Merchant support,Route A,Low,75,jam clearance needs merchant support review,closed
EVT0062,2026-03-03,DEV026,Merchant portal,route_service,Field service,Route B,Low,408,route service needs field service review,watch
EVT0063,2026-03-04,DEV027,Tableau Prep extract,merchant_question,Field service,Route C,Medium,368,merchant question needs field service review,watch
EVT0064,2026-03-05,DEV028,Excel exception workbook,route_service,Cash logistics,Route D,Medium,272,route service needs cash logistics review,closed
EVT0065,2026-03-06,DEV029,Field service queue,merchant_question,Cash logistics,Route E,Medium,476,merchant question needs cash logistics review,closed
EVT0066,2026-03-07,DEV030,Field service queue,cash_load,Field service,Route F,Medium,528,cash load needs field service review,open
EVT0067,2026-03-08,DEV031,Tableau Prep extract,report_refresh_delay,Reporting analytics,Route G,Medium,224,report refresh delay needs reporting analytics review,watch
EVT0068,2026-03-09,DEV032,Cash logistics file,route_service,Field service,Route H,Medium,825,route service needs field service review,watch
EVT0069,2026-03-10,DEV033,Cash logistics file,cash_out_risk,Reporting analytics,Route A,Medium,196,cash out risk needs reporting analytics review,closed
EVT0070,2026-03-11,DEV034,ATM processor,route_service,Reporting analytics,Route B,High,450,route service needs reporting analytics review,closed
EVT0071,2026-03-12,DEV035,ATM processor,jam_clearance,Field service,Route C,Medium,360,jam clearance needs field service review,closed
EVT0072,2026-03-13,DEV036,ATM processor,cash_load,Cash logistics,Route D,Medium,442,cash load needs cash logistics review,watch
EVT0073,2026-03-14,DEV001,Merchant portal,settlement_review,Processing operations,Route A,Low,34,settlement review needs processing operations review,watch
EVT0074,2026-03-15,DEV002,Field service queue,jam_clearance,Processing operations,Route B,Low,234,jam clearance needs processing operations review,closed
EVT0075,2026-03-16,DEV003,Merchant portal,comms_alert,Cash logistics,Route C,Medium,294,comms alert needs cash logistics review,closed
EVT0076,2026-03-17,DEV004,Cash logistics file,cash_load,Field service,Route D,Medium,448,cash load needs field service review,open
EVT0077,2026-03-18,DEV005,Merchant portal,route_service,Field service,Route E,Low,31,route service needs field service review,open
EVT0078,2026-03-19,DEV006,Tableau Prep extract,merchant_question,Reporting analytics,Route F,Low,315,merchant question needs reporting analytics review,open
EVT0079,2026-03-20,DEV007,Field service queue,jam_clearance,Merchant support,Route G,Medium,598,jam clearance needs merchant support review,watch
EVT0080,2026-03-21,DEV008,Field service queue,comms_alert,Reporting analytics,Route H,Low,144,comms alert needs reporting analytics review,closed
EVT0081,2026-03-22,DEV009,Tableau Prep extract,report_refresh_delay,Cash logistics,Route A,Medium,475,report refresh delay needs cash logistics review,open
EVT0082,2026-03-23,DEV010,Cash logistics file,jam_clearance,Reporting analytics,Route B,Medium,729,jam clearance needs reporting analytics review,watch
EVT0083,2026-03-24,DEV011,Cash logistics file,cash_load,Processing operations,Route C,Medium,255,cash load needs processing operations review,watch
EVT0084,2026-03-25,DEV012,Merchant portal,route_service,Field service,Route D,High,572,route service needs field service review,watch
EVT0085,2026-03-26,DEV013,Cash logistics file,comms_alert,Processing operations,Route E,Medium,342,comms alert needs processing operations review,closed
EVT0086,2026-03-27,DEV014,ATM processor,jam_clearance,Field service,Route F,High,459,jam clearance needs field service review,watch
EVT0087,2026-03-28,DEV015,Excel exception workbook,jam_clearance,Field service,Route G,Medium,828,jam clearance needs field service review,open
EVT0088,2026-03-29,DEV016,Excel exception workbook,jam_clearance,Merchant support,Route H,Medium,240,jam clearance needs merchant support review,watch
EVT0089,2026-03-30,DEV017,Tableau Prep extract,cash_out_risk,Reporting analytics,Route A,Medium,464,cash out risk needs reporting analytics review,watch
EVT0090,2026-03-31,DEV018,Tableau Prep extract,jam_clearance,Field service,Route B,Low,279,jam clearance needs field service review,closed
EVT0091,2026-04-01,DEV019,Field service queue,settlement_review,Reporting analytics,Route C,Medium,525,settlement review needs reporting analytics review,open
EVT0092,2026-04-02,DEV020,Field service queue,cash_load,Merchant support,Route D,High,432,cash load needs merchant support review,open
EVT0093,2026-04-03,DEV021,Merchant portal,jam_clearance,Processing operations,Route E,Low,120,jam clearance needs processing operations review,open
EVT0094,2026-04-04,DEV022,Excel exception workbook,report_refresh_delay,Cash logistics,Route F,Medium,345,report refresh delay needs cash logistics review,open
EVT0095,2026-04-05,DEV023,Excel exception workbook,route_service,Field service,Route G,High,638,route service needs field service review,watch
EVT0096,2026-04-06,DEV024,ATM processor,cash_out_risk,Reporting analytics,Route H,High,812,cash out risk needs reporting analytics review,open
EVT0097,2026-04-07,DEV025,Excel exception workbook,cash_out_risk,Merchant support,Route A,Low,170,cash out risk needs merchant support review,closed
EVT0098,2026-04-08,DEV026,Tableau Prep extract,comms_alert,Field service,Route B,Medium,434,comms alert needs field service review,watch
EVT0099,2026-04-09,DEV027,Cash logistics file,cash_load,Field service,Route C,Medium,840,cash load needs field service review,closed
EVT0100,2026-04-10,DEV028,Field service queue,jam_clearance,Cash logistics,Route D,Medium,462,jam clearance needs cash logistics review,watch
EVT0101,2026-04-11,DEV029,Field service queue,merchant_question,Cash logistics,Route E,Low,11,merchant question needs cash logistics review,watch
EVT0102,2026-04-12,DEV030,Merchant portal,merchant_question,Field service,Route F,Low,99,merchant question needs field service review,closed
EVT0103,2026-04-13,DEV031,Cash logistics file,comms_alert,Reporting analytics,Route G,Low,338,comms alert needs reporting analytics review,open
EVT0104,2026-04-14,DEV032,ATM processor,cash_load,Field service,Route H,Medium,520,cash load needs field service review,open
EVT0105,2026-04-15,DEV033,ATM processor,merchant_question,Reporting analytics,Route A,Low,190,merchant question needs reporting analytics review,open
EVT0106,2026-04-16,DEV034,Merchant portal,report_refresh_delay,Reporting analytics,Route B,Medium,340,report refresh delay needs reporting analytics review,open
EVT0107,2026-04-17,DEV035,Merchant portal,cash_load,Field service,Route C,Low,260,cash load needs field service review,watch
EVT0108,2026-04-18,DEV036,Merchant portal,route_service,Cash logistics,Route D,Medium,506,route service needs cash logistics review,watch
EVT0109,2026-04-19,DEV001,Field service queue,comms_alert,Processing operations,Route A,Medium,252,comms alert needs processing operations review,open
EVT0110,2026-04-20,DEV002,Field service queue,report_refresh_delay,Processing operations,Route B,Medium,560,report refresh delay needs processing operations review,open
EVT0111,2026-04-21,DEV003,Tableau Prep extract,jam_clearance,Cash logistics,Route C,Medium,693,jam clearance needs cash logistics review,closed
EVT0112,2026-04-22,DEV004,Tableau Prep extract,comms_alert,Field service,Route D,Low,17,comms alert needs field service review,watch
EVT0113,2026-04-23,DEV005,ATM processor,route_service,Field service,Route E,Low,442,route service needs field service review,watch
EVT0114,2026-04-24,DEV006,Cash logistics file,cash_load,Reporting analytics,Route F,Low,216,cash load needs reporting analytics review,watch
EVT0115,2026-04-25,DEV007,Cash logistics file,cash_load,Merchant support,Route G,Medium,336,cash load needs merchant support review,closed
EVT0116,2026-04-26,DEV008,ATM processor,cash_load,Reporting analytics,Route H,Low,232,cash load needs reporting analytics review,open
EVT0117,2026-04-27,DEV009,Excel exception workbook,comms_alert,Cash logistics,Route A,Medium,558,comms alert needs cash logistics review,watch
EVT0118,2026-04-28,DEV010,Field service queue,report_refresh_delay,Reporting analytics,Route B,Medium,696,report refresh delay needs reporting analytics review,watch
EVT0119,2026-04-29,DEV011,Field service queue,cash_load,Processing operations,Route C,Medium,315,cash load needs processing operations review,watch
EVT0120,2026-04-30,DEV012,Merchant portal,jam_clearance,Field service,Route D,High,1122,jam clearance needs field service review,closed
EVT0121,2026-01-01,DEV013,Cash logistics file,route_service,Processing operations,Route E,Medium,650,route service needs processing operations review,watch
EVT0122,2026-01-02,DEV014,Tableau Prep extract,report_refresh_delay,Field service,Route F,Low,144,report refresh delay needs field service review,closed
EVT0123,2026-01-03,DEV015,Tableau Prep extract,cash_load,Field service,Route G,Medium,594,cash load needs field service review,closed
EVT0124,2026-01-04,DEV016,Excel exception workbook,jam_clearance,Merchant support,Route H,Medium,595,jam clearance needs merchant support review,closed
EVT0125,2026-01-05,DEV017,Cash logistics file,cash_out_risk,Reporting analytics,Route A,Medium,704,cash out risk needs reporting analytics review,closed
EVT0126,2026-01-06,DEV018,Cash logistics file,merchant_question,Field service,Route B,Low,117,merchant question needs field service review,open
EVT0127,2026-01-07,DEV019,Cash logistics file,settlement_review,Reporting analytics,Route C,Low,23,settlement review needs reporting analytics review,closed
EVT0128,2026-01-08,DEV020,Merchant portal,merchant_question,Merchant support,Route D,Low,198,merchant question needs merchant support review,watch
EVT0129,2026-01-09,DEV021,Excel exception workbook,route_service,Processing operations,Route E,Medium,510,route service needs processing operations review,watch
EVT0130,2026-01-10,DEV022,Merchant portal,jam_clearance,Cash logistics,Route F,Low,189,jam clearance needs cash logistics review,watch
EVT0131,2026-01-11,DEV023,Tableau Prep extract,settlement_review,Field service,Route G,High,992,settlement review needs field service review,watch
EVT0132,2026-01-12,DEV024,Tableau Prep extract,report_refresh_delay,Reporting analytics,Route H,Medium,416,report refresh delay needs reporting analytics review,closed
EVT0133,2026-01-13,DEV025,ATM processor,merchant_question,Merchant support,Route A,Low,23,merchant question needs merchant support review,closed
EVT0134,2026-01-14,DEV026,Excel exception workbook,merchant_question,Field service,Route B,Medium,750,merchant question needs field service review,closed
EVT0135,2026-01-15,DEV027,Tableau Prep extract,cash_out_risk,Field service,Route C,Low,230,cash out risk needs field service review,watch
EVT0136,2026-01-16,DEV028,Excel exception workbook,report_refresh_delay,Cash logistics,Route D,Low,78,report refresh delay needs cash logistics review,watch
EVT0137,2026-01-17,DEV029,Cash logistics file,comms_alert,Cash logistics,Route E,Low,104,comms alert needs cash logistics review,watch
EVT0138,2026-01-18,DEV030,Merchant portal,cash_load,Field service,Route F,Low,88,cash load needs field service review,watch
EVT0139,2026-01-19,DEV031,Tableau Prep extract,jam_clearance,Reporting analytics,Route G,Low,108,jam clearance needs reporting analytics review,closed
EVT0140,2026-01-20,DEV032,Merchant portal,route_service,Field service,Route H,High,399,route service needs field service review,closed
EVT0141,2026-01-21,DEV033,Excel exception workbook,report_refresh_delay,Reporting analytics,Route A,Medium,390,report refresh delay needs reporting analytics review,closed
EVT0142,2026-01-22,DEV034,Excel exception workbook,settlement_review,Reporting analytics,Route B,Medium,696,settlement review needs reporting analytics review,closed
EVT0143,2026-01-23,DEV035,Cash logistics file,report_refresh_delay,Field service,Route C,Low,44,report refresh delay needs field service review,watch
EVT0144,2026-01-24,DEV036,ATM processor,cash_load,Cash logistics,Route D,Medium,224,cash load needs cash logistics review,closed
EVT0145,2026-01-25,DEV001,Cash logistics file,cash_load,Processing operations,Route A,Medium,736,cash load needs processing operations review,watch
EVT0146,2026-01-26,DEV002,Excel exception workbook,merchant_question,Processing operations,Route B,Low,72,merchant question needs processing operations review,watch
EVT0147,2026-01-27,DEV003,Cash logistics file,cash_out_risk,Cash logistics,Route C,Medium,460,cash out risk needs cash logistics review,watch
EVT0148,2026-01-28,DEV004,Cash logistics file,cash_out_risk,Field service,Route D,Low,28,cash out risk needs field service review,closed
EVT0149,2026-01-29,DEV005,Excel exception workbook,jam_clearance,Field service,Route E,Low,340,jam clearance needs field service review,closed
EVT0150,2026-01-30,DEV006,ATM processor,cash_load,Reporting analytics,Route F,Low,176,cash load needs reporting analytics review,closed
EVT0151,2026-01-31,DEV007,Field service queue,merchant_question,Merchant support,Route G,High,928,merchant question needs merchant support review,closed
EVT0152,2026-02-01,DEV008,Field service queue,cash_out_risk,Reporting analytics,Route H,Medium,224,cash out risk needs reporting analytics review,watch
EVT0153,2026-02-02,DEV009,Excel exception workbook,report_refresh_delay,Cash logistics,Route A,Low,32,report refresh delay needs cash logistics review,closed
EVT0154,2026-02-03,DEV010,Field service queue,merchant_question,Reporting analytics,Route B,High,40,merchant question needs reporting analytics review,watch
EVT0155,2026-02-04,DEV011,Merchant portal,cash_load,Processing operations,Route C,Low,297,cash load needs processing operations review,watch
EVT0156,2026-02-05,DEV012,Merchant portal,cash_load,Field service,Route D,Medium,594,cash load needs field service review,closed
EVT0157,2026-02-06,DEV013,ATM processor,jam_clearance,Processing operations,Route E,Low,198,jam clearance needs processing operations review,watch
EVT0158,2026-02-07,DEV014,Excel exception workbook,cash_out_risk,Field service,Route F,Low,168,cash out risk needs field service review,closed
EVT0159,2026-02-08,DEV015,Tableau Prep extract,cash_load,Field service,Route G,High,1040,cash load needs field service review,watch
EVT0160,2026-02-09,DEV016,ATM processor,comms_alert,Merchant support,Route H,Low,112,comms alert needs merchant support review,open
EVT0161,2026-02-10,DEV017,Cash logistics file,cash_load,Reporting analytics,Route A,Medium,442,cash load needs reporting analytics review,watch
EVT0162,2026-02-11,DEV018,Cash logistics file,cash_load,Field service,Route B,Low,150,cash load needs field service review,open
EVT0163,2026-02-12,DEV019,Excel exception workbook,comms_alert,Reporting analytics,Route C,Low,299,comms alert needs reporting analytics review,open
EVT0164,2026-02-13,DEV020,ATM processor,route_service,Merchant support,Route D,Medium,336,route service needs merchant support review,watch
EVT0165,2026-02-14,DEV021,ATM processor,settlement_review,Processing operations,Route E,Low,153,settlement review needs processing operations review,closed
EVT0166,2026-02-15,DEV022,Cash logistics file,comms_alert,Cash logistics,Route F,Low,168,comms alert needs cash logistics review,closed
EVT0167,2026-02-16,DEV023,Tableau Prep extract,cash_load,Field service,Route G,Medium,450,cash load needs field service review,watch
EVT0168,2026-02-17,DEV024,ATM processor,merchant_question,Reporting analytics,Route H,Medium,510,merchant question needs reporting analytics review,closed
EVT0169,2026-02-18,DEV025,Field service queue,jam_clearance,Merchant support,Route A,Medium,672,jam clearance needs merchant support review,closed
EVT0170,2026-02-19,DEV026,Excel exception workbook,cash_load,Field service,Route B,Medium,850,cash load needs field service review,open
EVT0171,2026-02-20,DEV027,ATM processor,merchant_question,Field service,Route C,High,460,merchant question needs field service review,watch
EVT0172,2026-02-21,DEV028,Field service queue,jam_clearance,Cash logistics,Route D,Medium,405,jam clearance needs cash logistics review,closed
EVT0173,2026-02-22,DEV029,ATM processor,jam_clearance,Cash logistics,Route E,Medium,504,jam clearance needs cash logistics review,closed
EVT0174,2026-02-23,DEV030,Tableau Prep extract,report_refresh_delay,Field service,Route F,Low,377,report refresh delay needs field service review,open
EVT0175,2026-02-24,DEV031,ATM processor,report_refresh_delay,Reporting analytics,Route G,Low,182,report refresh delay needs reporting analytics review,open
EVT0176,2026-02-25,DEV032,Field service queue,cash_load,Field service,Route H,Medium,600,cash load needs field service review,closed
EVT0177,2026-02-26,DEV033,Tableau Prep extract,route_service,Reporting analytics,Route A,Medium,525,route service needs reporting analytics review,watch
EVT0178,2026-02-27,DEV034,Tableau Prep extract,cash_out_risk,Reporting analytics,Route B,High,266,cash out risk needs reporting analytics review,open
EVT0179,2026-02-28,DEV035,Field service queue,report_refresh_delay,Field service,Route C,Low,221,report refresh delay needs field service review,closed
EVT0180,2026-03-01,DEV036,ATM processor,cash_out_risk,Cash logistics,Route D,Low,238,cash out risk needs cash logistics review,closed
EVT0181,2026-03-02,DEV001,Cash logistics file,route_service,Processing operations,Route A,Low,348,route service needs processing operations review,watch
EVT0182,2026-03-03,DEV002,Excel exception workbook,settlement_review,Processing operations,Route B,Low,150,settlement review needs processing operations review,closed
EVT0183,2026-03-04,DEV003,ATM processor,report_refresh_delay,Cash logistics,Route C,High,399,report refresh delay needs cash logistics review,closed
EVT0184,2026-03-05,DEV004,Cash logistics file,jam_clearance,Field service,Route D,Medium,448,jam clearance needs field service review,closed
EVT0185,2026-03-06,DEV005,Tableau Prep extract,merchant_question,Field service,Route E,Low,100,merchant question needs field service review,closed
EVT0186,2026-03-07,DEV006,Field service queue,cash_load,Reporting analytics,Route F,High,105,cash load needs reporting analytics review,open
EVT0187,2026-03-08,DEV007,Excel exception workbook,jam_clearance,Merchant support,Route G,Medium,800,jam clearance needs merchant support review,closed
EVT0188,2026-03-09,DEV008,Cash logistics file,comms_alert,Reporting analytics,Route H,Low,363,comms alert needs reporting analytics review,closed
EVT0189,2026-03-10,DEV009,Tableau Prep extract,jam_clearance,Cash logistics,Route A,Medium,306,jam clearance needs cash logistics review,watch
EVT0190,2026-03-11,DEV010,Field service queue,jam_clearance,Reporting analytics,Route B,Medium,500,jam clearance needs reporting analytics review,closed
EVT0191,2026-03-12,DEV011,Excel exception workbook,comms_alert,Processing operations,Route C,Low,189,comms alert needs processing operations review,open
EVT0192,2026-03-13,DEV012,ATM processor,route_service,Field service,Route D,High,840,route service needs field service review,closed
EVT0193,2026-03-14,DEV013,Cash logistics file,cash_load,Processing operations,Route E,High,570,cash load needs processing operations review,watch
EVT0194,2026-03-15,DEV014,Tableau Prep extract,cash_load,Field service,Route F,Low,45,cash load needs field service review,watch
EVT0195,2026-03-16,DEV015,Field service queue,cash_out_risk,Field service,Route G,High,264,cash out risk needs field service review,watch
EVT0196,2026-03-17,DEV016,ATM processor,route_service,Merchant support,Route H,Low,96,route service needs merchant support review,closed
EVT0197,2026-03-18,DEV017,Cash logistics file,merchant_question,Reporting analytics,Route A,Low,234,merchant question needs reporting analytics review,open
EVT0198,2026-03-19,DEV018,Merchant portal,cash_load,Field service,Route B,Medium,540,cash load needs field service review,watch
EVT0199,2026-03-20,DEV019,Excel exception workbook,cash_load,Reporting analytics,Route C,Medium,165,cash load needs reporting analytics review,closed
EVT0200,2026-03-21,DEV020,Field service queue,merchant_question,Merchant support,Route D,Medium,180,merchant question needs merchant support review,closed
EVT0201,2026-03-22,DEV021,Tableau Prep extract,cash_out_risk,Processing operations,Route E,Low,51,cash out risk needs processing operations review,open
EVT0202,2026-03-23,DEV022,Cash logistics file,cash_load,Cash logistics,Route F,Low,34,cash load needs cash logistics review,closed
EVT0203,2026-03-24,DEV023,Excel exception workbook,cash_load,Field service,Route G,High,459,cash load needs field service review,watch
EVT0204,2026-03-25,DEV024,Field service queue,cash_load,Reporting analytics,Route H,Low,204,cash load needs reporting analytics review,open
EVT0205,2026-03-26,DEV025,Cash logistics file,cash_load,Merchant support,Route A,Low,29,cash load needs merchant support review,watch
EVT0206,2026-03-27,DEV026,Excel exception workbook,cash_load,Field service,Route B,Medium,210,cash load needs field service review,closed
EVT0207,2026-03-28,DEV027,ATM processor,comms_alert,Field service,Route C,Medium,345,comms alert needs field service review,closed
EVT0208,2026-03-29,DEV028,Merchant portal,cash_load,Cash logistics,Route D,Low,189,cash load needs cash logistics review,watch
EVT0209,2026-03-30,DEV029,Merchant portal,settlement_review,Cash logistics,Route E,Low,280,settlement review needs cash logistics review,closed
EVT0210,2026-03-31,DEV030,Excel exception workbook,report_refresh_delay,Field service,Route F,Low,14,report refresh delay needs field service review,open
EVT0211,2026-04-01,DEV031,Tableau Prep extract,merchant_question,Reporting analytics,Route G,High,638,merchant question needs reporting analytics review,closed
EVT0212,2026-04-02,DEV032,ATM processor,report_refresh_delay,Field service,Route H,Medium,322,report refresh delay needs field service review,open
EVT0213,2026-04-03,DEV033,ATM processor,report_refresh_delay,Reporting analytics,Route A,Medium,336,report refresh delay needs reporting analytics review,watch
EVT0214,2026-04-04,DEV034,Excel exception workbook,comms_alert,Reporting analytics,Route B,Medium,399,comms alert needs reporting analytics review,closed
EVT0215,2026-04-05,DEV035,Cash logistics file,report_refresh_delay,Field service,Route C,Low,330,report refresh delay needs field service review,open
EVT0216,2026-04-06,DEV036,ATM processor,cash_out_risk,Cash logistics,Route D,Medium,209,cash out risk needs cash logistics review,watch
EVT0217,2026-04-07,DEV001,Field service queue,merchant_question,Processing operations,Route A,Low,100,merchant question needs processing operations review,closed
EVT0218,2026-04-08,DEV002,Field service queue,comms_alert,Processing operations,Route B,Low,132,comms alert needs processing operations review,open
EVT0219,2026-04-09,DEV003,Tableau Prep extract,cash_out_risk,Cash logistics,Route C,Low,297,cash out risk needs cash logistics review,closed
EVT0220,2026-04-10,DEV004,Excel exception workbook,settlement_review,Field service,Route D,Medium,228,settlement review needs field service review,watch
EVT0221,2026-04-11,DEV005,Tableau Prep extract,cash_load,Field service,Route E,Low,308,cash load needs field service review,closed
EVT0222,2026-04-12,DEV006,Field service queue,route_service,Reporting analytics,Route F,High,870,route service needs reporting analytics review,closed
EVT0223,2026-04-13,DEV007,ATM processor,cash_out_risk,Merchant support,Route G,High,805,cash out risk needs merchant support review,open
EVT0224,2026-04-14,DEV008,ATM processor,report_refresh_delay,Reporting analytics,Route H,Low,29,report refresh delay needs reporting analytics review,closed
EVT0225,2026-04-15,DEV009,Tableau Prep extract,route_service,Cash logistics,Route A,Medium,729,route service needs cash logistics review,closed
EVT0226,2026-04-16,DEV010,Merchant portal,cash_load,Reporting analytics,Route B,Medium,350,cash load needs reporting analytics review,watch
EVT0227,2026-04-17,DEV011,Cash logistics file,cash_load,Processing operations,Route C,Medium,275,cash load needs processing operations review,open
EVT0228,2026-04-18,DEV012,Merchant portal,route_service,Field service,Route D,Medium,792,route service needs field service review,closed
EVT0229,2026-04-19,DEV013,Field service queue,cash_out_risk,Processing operations,Route E,Low,180,cash out risk needs processing operations review,closed
EVT0230,2026-04-20,DEV014,Excel exception workbook,cash_load,Field service,Route F,Medium,450,cash load needs field service review,closed
EVT0231,2026-04-21,DEV015,Cash logistics file,cash_load,Field service,Route G,Medium,858,cash load needs field service review,watch
EVT0232,2026-04-22,DEV016,Field service queue,report_refresh_delay,Merchant support,Route H,Medium,805,report refresh delay needs merchant support review,closed
EVT0233,2026-04-23,DEV017,Merchant portal,settlement_review,Reporting analytics,Route A,High,464,settlement review needs reporting analytics review,watch
EVT0234,2026-04-24,DEV018,Excel exception workbook,jam_clearance,Field service,Route B,Medium,238,jam clearance needs field service review,open
EVT0235,2026-04-25,DEV019,Field service queue,merchant_question,Reporting analytics,Route C,Medium,434,merchant question needs reporting analytics review,closed
EVT0236,2026-04-26,DEV020,Excel exception workbook,report_refresh_delay,Merchant support,Route D,High,180,report refresh delay needs merchant support review,closed
EVT0237,2026-04-27,DEV021,Tableau Prep extract,route_service,Processing operations,Route E,Medium,286,route service needs processing operations review,closed
EVT0238,2026-04-28,DEV022,Merchant portal,cash_out_risk,Cash logistics,Route F,Low,286,cash out risk needs cash logistics review,closed
EVT0239,2026-04-29,DEV023,Excel exception workbook,merchant_question,Field service,Route G,Medium,483,merchant question needs field service review,closed
EVT0240,2026-04-30,DEV024,Merchant portal,route_service,Reporting analytics,Route H,Medium,264,route service needs reporting analytics review,watch
EVT0241,2026-01-01,DEV025,Cash logistics file,merchant_question,Merchant support,Route A,Low,416,merchant question needs merchant support review,closed
EVT0242,2026-01-02,DEV026,ATM processor,cash_load,Field service,Route B,Medium,224,cash load needs field service review,open
EVT0243,2026-01-03,DEV027,Excel exception workbook,cash_out_risk,Field service,Route C,Medium,340,cash out risk needs field service review,closed
EVT0244,2026-01-04,DEV028,ATM processor,report_refresh_delay,Cash logistics,Route D,Medium,323,report refresh delay needs cash logistics review,watch
EVT0245,2026-01-05,DEV029,ATM processor,report_refresh_delay,Cash logistics,Route E,Medium,304,report refresh delay needs cash logistics review,closed
EVT0246,2026-01-06,DEV030,Merchant portal,comms_alert,Field service,Route F,Medium,375,comms alert needs field service review,watch
EVT0247,2026-01-07,DEV031,Tableau Prep extract,comms_alert,Reporting analytics,Route G,Low,35,comms alert needs reporting analytics review,closed
EVT0248,2026-01-08,DEV032,Cash logistics file,comms_alert,Field service,Route H,High,1085,comms alert needs field service review,closed
EVT0249,2026-01-09,DEV033,Field service queue,cash_load,Reporting analytics,Route A,Low,221,cash load needs reporting analytics review,open
EVT0250,2026-01-10,DEV034,Tableau Prep extract,route_service,Reporting analytics,Route B,High,1184,route service needs reporting analytics review,closed
EVT0251,2026-01-11,DEV035,Field service queue,route_service,Field service,Route C,High,23,route service needs field service review,open
EVT0252,2026-01-12,DEV036,ATM processor,cash_out_risk,Cash logistics,Route D,Medium,720,cash out risk needs cash logistics review,closed
EVT0253,2026-01-13,DEV001,Field service queue,jam_clearance,Processing operations,Route A,Medium,504,jam clearance needs processing operations review,watch
EVT0254,2026-01-14,DEV002,Field service queue,cash_out_risk,Processing operations,Route B,Low,132,cash out risk needs processing operations review,closed
EVT0255,2026-01-15,DEV003,Excel exception workbook,jam_clearance,Cash logistics,Route C,Medium,240,jam clearance needs cash logistics review,watch
EVT0256,2026-01-16,DEV004,Tableau Prep extract,report_refresh_delay,Field service,Route D,Low,288,report refresh delay needs field service review,closed
EVT0257,2026-01-17,DEV005,Merchant portal,comms_alert,Field service,Route E,Low,160,comms alert needs field service review,closed
EVT0258,2026-01-18,DEV006,Merchant portal,jam_clearance,Reporting analytics,Route F,Low,176,jam clearance needs reporting analytics review,watch
EVT0259,2026-01-19,DEV007,ATM processor,merchant_question,Merchant support,Route G,Medium,414,merchant question needs merchant support review,watch
EVT0260,2026-01-20,DEV008,Merchant portal,jam_clearance,Reporting analytics,Route H,High,65,jam clearance needs reporting analytics review,watch
EVT0261,2026-01-21,DEV009,Tableau Prep extract,route_service,Cash logistics,Route A,Low,165,route service needs cash logistics review,closed
EVT0262,2026-01-22,DEV010,Field service queue,jam_clearance,Reporting analytics,Route B,Low,102,jam clearance needs reporting analytics review,closed
EVT0263,2026-01-23,DEV011,Merchant portal,route_service,Processing operations,Route C,Low,442,route service needs processing operations review,closed
EVT0264,2026-01-24,DEV012,Excel exception workbook,jam_clearance,Field service,Route D,Medium,700,jam clearance needs field service review,closed
EVT0265,2026-01-25,DEV013,Cash logistics file,report_refresh_delay,Processing operations,Route E,Medium,420,report refresh delay needs processing operations review,closed
EVT0266,2026-01-26,DEV014,Field service queue,jam_clearance,Field service,Route F,Medium,416,jam clearance needs field service review,watch
EVT0267,2026-01-27,DEV015,Field service queue,jam_clearance,Field service,Route G,Medium,330,jam clearance needs field service review,closed
EVT0268,2026-01-28,DEV016,Merchant portal,comms_alert,Merchant support,Route H,Medium,286,comms alert needs merchant support review,closed
EVT0269,2026-01-29,DEV017,ATM processor,cash_load,Reporting analytics,Route A,Low,275,cash load needs reporting analytics review,open
EVT0270,2026-01-30,DEV018,Merchant portal,cash_out_risk,Field service,Route B,Medium,627,cash out risk needs field service review,open
EVT0271,2026-01-31,DEV019,Tableau Prep extract,merchant_question,Reporting analytics,Route C,Low,363,merchant question needs reporting analytics review,watch
EVT0272,2026-02-01,DEV020,Merchant portal,cash_out_risk,Merchant support,Route D,Low,230,cash out risk needs merchant support review,watch
EVT0273,2026-02-02,DEV021,Cash logistics file,report_refresh_delay,Processing operations,Route E,Low,240,report refresh delay needs processing operations review,closed
EVT0274,2026-02-03,DEV022,Merchant portal,jam_clearance,Cash logistics,Route F,Low,27,jam clearance needs cash logistics review,watch
EVT0275,2026-02-04,DEV023,Merchant portal,route_service,Field service,Route G,High,899,route service needs field service review,watch
EVT0276,2026-02-05,DEV024,ATM processor,merchant_question,Reporting analytics,Route H,High,495,merchant question needs reporting analytics review,closed
EVT0277,2026-02-06,DEV025,Excel exception workbook,cash_out_risk,Merchant support,Route A,Low,203,cash out risk needs merchant support review,closed
EVT0278,2026-02-07,DEV026,Tableau Prep extract,report_refresh_delay,Field service,Route B,Low,348,report refresh delay needs field service review,closed
EVT0279,2026-02-08,DEV027,ATM processor,jam_clearance,Field service,Route C,High,1160,jam clearance needs field service review,watch
EVT0280,2026-02-09,DEV028,Tableau Prep extract,merchant_question,Cash logistics,Route D,Low,126,merchant question needs cash logistics review,open
EVT0281,2026-02-10,DEV029,ATM processor,cash_out_risk,Cash logistics,Route E,High,196,cash out risk needs cash logistics review,watch
EVT0282,2026-02-11,DEV030,Field service queue,report_refresh_delay,Field service,Route F,Low,432,report refresh delay needs field service review,closed
EVT0283,2026-02-12,DEV031,Cash logistics file,comms_alert,Reporting analytics,Route G,High,361,comms alert needs reporting analytics review,watch
EVT0284,2026-02-13,DEV032,Merchant portal,settlement_review,Field service,Route H,Medium,660,settlement review needs field service review,open
EVT0285,2026-02-14,DEV033,Field service queue,merchant_question,Reporting analytics,Route A,Low,143,merchant question needs reporting analytics review,closed
EVT0286,2026-02-15,DEV034,Field service queue,cash_load,Reporting analytics,Route B,Low,396,cash load needs reporting analytics review,open
EVT0287,2026-02-16,DEV035,Merchant portal,cash_load,Field service,Route C,Low,70,cash load needs field service review,watch
EVT0288,2026-02-17,DEV036,Merchant portal,cash_load,Cash logistics,Route D,Medium,240,cash load needs cash logistics review,closed
EVT0289,2026-02-18,DEV001,Merchant portal,merchant_question,Processing operations,Route A,Medium,209,merchant question needs processing operations review,watch
EVT0290,2026-02-19,DEV002,ATM processor,report_refresh_delay,Processing operations,Route B,Medium,255,report refresh delay needs processing operations review,closed
EVT0291,2026-02-20,DEV003,Cash logistics file,cash_out_risk,Cash logistics,Route C,Low,252,cash out risk needs cash logistics review,watch
EVT0292,2026-02-21,DEV004,ATM processor,jam_clearance,Field service,Route D,Medium,272,jam clearance needs field service review,closed
EVT0293,2026-02-22,DEV005,Cash logistics file,cash_load,Field service,Route E,Low,33,cash load needs field service review,closed
EVT0294,2026-02-23,DEV006,Cash logistics file,report_refresh_delay,Reporting analytics,Route F,Medium,540,report refresh delay needs reporting analytics review,closed
EVT0295,2026-02-24,DEV007,ATM processor,cash_load,Merchant support,Route G,Medium,884,cash load needs merchant support review,closed
EVT0296,2026-02-25,DEV008,Merchant portal,cash_load,Reporting analytics,Route H,Low,280,cash load needs reporting analytics review,watch
EVT0297,2026-02-26,DEV009,Excel exception workbook,comms_alert,Cash logistics,Route A,Low,95,comms alert needs cash logistics review,open
EVT0298,2026-02-27,DEV010,ATM processor,route_service,Reporting analytics,Route B,Low,189,route service needs reporting analytics review,closed
EVT0299,2026-02-28,DEV011,Merchant portal,route_service,Processing operations,Route C,Medium,192,route service needs processing operations review,open
EVT0300,2026-03-01,DEV012,Tableau Prep extract,cash_load,Field service,Route D,High,986,cash load needs field service review,watch
EVT0301,2026-03-02,DEV013,Excel exception workbook,settlement_review,Processing operations,Route E,Medium,561,settlement review needs processing operations review,open
EVT0302,2026-03-03,DEV014,Tableau Prep extract,merchant_question,Field service,Route F,Low,162,merchant question needs field service review,closed
EVT0303,2026-03-04,DEV015,Tableau Prep extract,merchant_question,Field service,Route G,High,1152,merchant question needs field service review,closed
EVT0304,2026-03-05,DEV016,ATM processor,report_refresh_delay,Merchant support,Route H,Low,175,report refresh delay needs merchant support review,closed
EVT0305,2026-03-06,DEV017,Cash logistics file,settlement_review,Reporting analytics,Route A,Medium,621,settlement review needs reporting analytics review,closed
EVT0306,2026-03-07,DEV018,Cash logistics file,report_refresh_delay,Field service,Route B,High,420,report refresh delay needs field service review,watch
EVT0307,2026-03-08,DEV019,Field service queue,settlement_review,Reporting analytics,Route C,Low,29,settlement review needs reporting analytics review,open
EVT0308,2026-03-09,DEV020,ATM processor,cash_out_risk,Merchant support,Route D,Medium,414,cash out risk needs merchant support review,watch
EVT0309,2026-03-10,DEV021,Field service queue,cash_load,Processing operations,Route E,Medium,648,cash load needs processing operations review,watch
EVT0310,2026-03-11,DEV022,ATM processor,comms_alert,Cash logistics,Route F,Low,98,comms alert needs cash logistics review,closed
EVT0311,2026-03-12,DEV023,ATM processor,settlement_review,Field service,Route G,Medium,450,settlement review needs field service review,closed
EVT0312,2026-03-13,DEV024,ATM processor,jam_clearance,Reporting analytics,Route H,High,682,jam clearance needs reporting analytics review,watch
EVT0313,2026-03-14,DEV025,ATM processor,cash_out_risk,Merchant support,Route A,Low,208,cash out risk needs merchant support review,closed
EVT0314,2026-03-15,DEV026,Merchant portal,cash_load,Field service,Route B,Low,154,cash load needs field service review,closed
EVT0315,2026-03-16,DEV027,Tableau Prep extract,jam_clearance,Field service,Route C,Medium,680,jam clearance needs field service review,open
EVT0316,2026-03-17,DEV028,Excel exception workbook,cash_out_risk,Cash logistics,Route D,Low,198,cash out risk needs cash logistics review,open
EVT0317,2026-03-18,DEV029,Tableau Prep extract,settlement_review,Cash logistics,Route E,Low,216,settlement review needs cash logistics review,closed
EVT0318,2026-03-19,DEV030,Field service queue,merchant_question,Field service,Route F,Low,360,merchant question needs field service review,closed
EVT0319,2026-03-20,DEV031,Field service queue,cash_load,Reporting analytics,Route G,Low,28,cash load needs reporting analytics review,closed
EVT0320,2026-03-21,DEV032,Cash logistics file,route_service,Field service,Route H,Medium,972,route service needs field service review,closed
EVT0321,2026-03-22,DEV033,ATM processor,route_service,Reporting analytics,Route A,Medium,736,route service needs reporting analytics review,watch
EVT0322,2026-03-23,DEV034,Field service queue,cash_out_risk,Reporting analytics,Route B,High,242,cash out risk needs reporting analytics review,watch
EVT0323,2026-03-24,DEV035,Excel exception workbook,route_service,Field service,Route C,High,1044,route service needs field service review,closed
EVT0324,2026-03-25,DEV036,Field service queue,jam_clearance,Cash logistics,Route D,Medium,465,jam clearance needs cash logistics review,watch
EVT0325,2026-03-26,DEV001,Excel exception workbook,cash_out_risk,Processing operations,Route A,High,570,cash out risk needs processing operations review,closed
EVT0326,2026-03-27,DEV002,Cash logistics file,comms_alert,Processing operations,Route B,Low,31,comms alert needs processing operations review,open
EVT0327,2026-03-28,DEV003,Merchant portal,settlement_review,Cash logistics,Route C,Low,68,settlement review needs cash logistics review,closed
EVT0328,2026-03-29,DEV004,Tableau Prep extract,cash_load,Field service,Route D,Low,20,cash load needs field service review,closed
EVT0329,2026-03-30,DEV005,Tableau Prep extract,cash_out_risk,Field service,Route E,Medium,625,cash out risk needs field service review,closed
EVT0330,2026-03-31,DEV006,Merchant portal,comms_alert,Reporting analytics,Route F,Low,260,comms alert needs reporting analytics review,closed
EVT0331,2026-04-01,DEV007,Merchant portal,cash_out_risk,Merchant support,Route G,Low,198,cash out risk needs merchant support review,closed
EVT0332,2026-04-02,DEV008,ATM processor,jam_clearance,Reporting analytics,Route H,Low,217,jam clearance needs reporting analytics review,closed
EVT0333,2026-04-03,DEV009,ATM processor,route_service,Cash logistics,Route A,Low,180,route service needs cash logistics review,watch
EVT0334,2026-04-04,DEV010,Field service queue,comms_alert,Reporting analytics,Route B,Medium,266,comms alert needs reporting analytics review,open
EVT0335,2026-04-05,DEV011,Cash logistics file,cash_load,Processing operations,Route C,Medium,552,cash load needs processing operations review,closed
EVT0336,2026-04-06,DEV012,Merchant portal,route_service,Field service,Route D,High,806,route service needs field service review,open
EVT0337,2026-04-07,DEV013,Cash logistics file,report_refresh_delay,Processing operations,Route E,Medium,306,report refresh delay needs processing operations review,open
EVT0338,2026-04-08,DEV014,Cash logistics file,report_refresh_delay,Field service,Route F,Low,26,report refresh delay needs field service review,open
EVT0339,2026-04-09,DEV015,Tableau Prep extract,route_service,Field service,Route G,Medium,702,route service needs field service review,closed
EVT0340,2026-04-10,DEV016,ATM processor,report_refresh_delay,Merchant support,Route H,Low,264,report refresh delay needs merchant support review,watch
EVT0341,2026-04-11,DEV017,Field service queue,route_service,Reporting analytics,Route A,Low,192,route service needs reporting analytics review,closed
EVT0342,2026-04-12,DEV018,Merchant portal,route_service,Field service,Route B,Medium,648,route service needs field service review,closed
EVT0343,2026-04-13,DEV019,Excel exception workbook,cash_load,Reporting analytics,Route C,Low,35,cash load needs reporting analytics review,closed
EVT0344,2026-04-14,DEV020,Field service queue,report_refresh_delay,Merchant support,Route D,Low,26,report refresh delay needs merchant support review,closed
EVT0345,2026-04-15,DEV021,ATM processor,comms_alert,Processing operations,Route E,Low,33,comms alert needs processing operations review,watch
EVT0346,2026-04-16,DEV022,Cash logistics file,route_service,Cash logistics,Route F,Medium,448,route service needs cash logistics review,watch
EVT0347,2026-04-17,DEV023,Merchant portal,jam_clearance,Field service,Route G,High,1023,jam clearance needs field service review,closed
EVT0348,2026-04-18,DEV024,Field service queue,merchant_question,Reporting analytics,Route H,Medium,780,merchant question needs reporting analytics review,open
EVT0349,2026-04-19,DEV025,Merchant portal,cash_load,Merchant support,Route A,Medium,684,cash load needs merchant support review,watch
EVT0350,2026-04-20,DEV026,Excel exception workbook,route_service,Field service,Route B,Medium,475,route service needs field service review,watch
EVT0351,2026-04-21,DEV027,Excel exception workbook,cash_load,Field service,Route C,High,253,cash load needs field service review,open
EVT0352,2026-04-22,DEV028,Excel exception workbook,jam_clearance,Cash logistics,Route D,Medium,483,jam clearance needs cash logistics review,closed
EVT0353,2026-04-23,DEV029,Merchant portal,settlement_review,Cash logistics,Route E,Low,11,settlement review needs cash logistics review,watch
EVT0354,2026-04-24,DEV030,Merchant portal,report_refresh_delay,Field service,Route F,Medium,434,report refresh delay needs field service review,closed
EVT0355,2026-04-25,DEV031,Merchant portal,settlement_review,Reporting analytics,Route G,Medium,450,settlement review needs reporting analytics review,watch
EVT0356,2026-04-26,DEV032,Merchant portal,cash_load,Field service,Route H,Low,112,cash load needs field service review,open
EVT0357,2026-04-27,DEV033,Merchant portal,cash_load,Reporting analytics,Route A,Low,360,cash load needs reporting analytics review,watch
EVT0358,2026-04-28,DEV034,ATM processor,route_service,Reporting analytics,Route B,High,986,route service needs reporting analytics review,closed
EVT0359,2026-04-29,DEV035,Excel exception workbook,route_service,Field service,Route C,Medium,280,route service needs field service review,closed
EVT0360,2026-04-30,DEV036,Cash logistics file,comms_alert,Cash logistics,Route D,Medium,352,comms alert needs cash logistics review,closed
EVT0361,2026-01-01,DEV001,Tableau Prep extract,cash_load,Processing operations,Route A,High,713,cash load needs processing operations review,closed
EVT0362,2026-01-02,DEV002,Cash logistics file,route_service,Processing operations,Route B,Low,88,route service needs processing operations review,closed
EVT0363,2026-01-03,DEV003,Tableau Prep extract,comms_alert,Cash logistics,Route C,Medium,812,comms alert needs cash logistics review,watch
EVT0364,2026-01-04,DEV004,Tableau Prep extract,cash_out_risk,Field service,Route D,Low,28,cash out risk needs field service review,open
EVT0365,2026-01-05,DEV005,Cash logistics file,jam_clearance,Field service,Route E,Medium,418,jam clearance needs field service review,closed
EVT0366,2026-01-06,DEV006,Merchant portal,jam_clearance,Reporting analytics,Route F,Medium,464,jam clearance needs reporting analytics review,closed
EVT0367,2026-01-07,DEV007,Excel exception workbook,jam_clearance,Merchant support,Route G,Medium,650,jam clearance needs merchant support review,closed
EVT0368,2026-01-08,DEV008,ATM processor,comms_alert,Reporting analytics,Route H,Medium,510,comms alert needs reporting analytics review,watch
EVT0369,2026-01-09,DEV009,Cash logistics file,cash_load,Cash logistics,Route A,Medium,780,cash load needs cash logistics review,watch
EVT0370,2026-01-10,DEV010,Excel exception workbook,cash_load,Reporting analytics,Route B,High,841,cash load needs reporting analytics review,watch
EVT0371,2026-01-11,DEV011,Merchant portal,comms_alert,Processing operations,Route C,Medium,441,comms alert needs processing operations review,closed
EVT0372,2026-01-12,DEV012,Tableau Prep extract,cash_out_risk,Field service,Route D,High,650,cash out risk needs field service review,open
EVT0373,2026-01-13,DEV013,ATM processor,route_service,Processing operations,Route E,Low,272,route service needs processing operations review,open
EVT0374,2026-01-14,DEV014,Cash logistics file,jam_clearance,Field service,Route F,Low,32,jam clearance needs field service review,open
EVT0375,2026-01-15,DEV015,Merchant portal,cash_load,Field service,Route G,Medium,304,cash load needs field service review,closed
EVT0376,2026-01-16,DEV016,ATM processor,cash_load,Merchant support,Route H,Medium,456,cash load needs merchant support review,open
EVT0377,2026-01-17,DEV017,Field service queue,settlement_review,Reporting analytics,Route A,Medium,384,settlement review needs reporting analytics review,watch
EVT0378,2026-01-18,DEV018,Merchant portal,cash_load,Field service,Route B,Medium,483,cash load needs field service review,watch
EVT0379,2026-01-19,DEV019,Tableau Prep extract,comms_alert,Reporting analytics,Route C,Medium,322,comms alert needs reporting analytics review,closed
EVT0380,2026-01-20,DEV020,Tableau Prep extract,report_refresh_delay,Merchant support,Route D,Low,260,report refresh delay needs merchant support review,open
EVT0381,2026-01-21,DEV021,Tableau Prep extract,cash_load,Processing operations,Route E,Low,217,cash load needs processing operations review,closed
EVT0382,2026-01-22,DEV022,Cash logistics file,cash_load,Cash logistics,Route F,Low,99,cash load needs cash logistics review,closed
EVT0383,2026-01-23,DEV023,Merchant portal,jam_clearance,Field service,Route G,Medium,325,jam clearance needs field service review,closed
EVT0384,2026-01-24,DEV024,Cash logistics file,route_service,Reporting analytics,Route H,Medium,345,route service needs reporting analytics review,open
EVT0385,2026-01-25,DEV025,Tableau Prep extract,route_service,Merchant support,Route A,Medium,368,route service needs merchant support review,open
EVT0386,2026-01-26,DEV026,Cash logistics file,jam_clearance,Field service,Route B,Low,22,jam clearance needs field service review,closed
EVT0387,2026-01-27,DEV027,ATM processor,comms_alert,Field service,Route C,Medium,684,comms alert needs field service review,open
EVT0388,2026-01-28,DEV028,Merchant portal,cash_out_risk,Cash logistics,Route D,Low,204,cash out risk needs cash logistics review,open
EVT0389,2026-01-29,DEV029,Tableau Prep extract,comms_alert,Cash logistics,Route E,Low,168,comms alert needs cash logistics review,open
EVT0390,2026-01-30,DEV030,ATM processor,settlement_review,Field service,Route F,Low,270,settlement review needs field service review,watch
EVT0391,2026-01-31,DEV031,Merchant portal,cash_load,Reporting analytics,Route G,Low,17,cash load needs reporting analytics review,open
EVT0392,2026-02-01,DEV032,ATM processor,jam_clearance,Field service,Route H,High,1386,jam clearance needs field service review,closed
EVT0393,2026-02-02,DEV033,Field service queue,cash_out_risk,Reporting analytics,Route A,Medium,435,cash out risk needs reporting analytics review,open
EVT0394,2026-02-03,DEV034,Cash logistics file,cash_out_risk,Reporting analytics,Route B,Medium,576,cash out risk needs reporting analytics review,closed
EVT0395,2026-02-04,DEV035,Field service queue,merchant_question,Field service,Route C,High,330,merchant question needs field service review,watch
EVT0396,2026-02-05,DEV036,Tableau Prep extract,route_service,Cash logistics,Route D,Low,385,route service needs cash logistics review,closed
EVT0397,2026-02-06,DEV001,ATM processor,merchant_question,Processing operations,Route A,High,986,merchant question needs processing operations review,watch
EVT0398,2026-02-07,DEV002,Cash logistics file,merchant_question,Processing operations,Route B,Low,26,merchant question needs processing operations review,open
EVT0399,2026-02-08,DEV003,Excel exception workbook,route_service,Cash logistics,Route C,Medium,364,route service needs cash logistics review,open
EVT0400,2026-02-09,DEV004,Excel exception workbook,cash_out_risk,Field service,Route D,Low,40,cash out risk needs field service review,open
EVT0401,2026-02-10,DEV005,ATM processor,report_refresh_delay,Field service,Route E,Low,196,report refresh delay needs field service review,open
EVT0402,2026-02-11,DEV006,Tableau Prep extract,jam_clearance,Reporting analytics,Route F,Medium,221,jam clearance needs reporting analytics review,watch
EVT0403,2026-02-12,DEV007,Tableau Prep extract,jam_clearance,Merchant support,Route G,High,1152,jam clearance needs merchant support review,closed
EVT0404,2026-02-13,DEV008,Field service queue,jam_clearance,Reporting analytics,Route H,Medium,612,jam clearance needs reporting analytics review,closed
EVT0405,2026-02-14,DEV009,Cash logistics file,settlement_review,Cash logistics,Route A,Low,180,settlement review needs cash logistics review,open
EVT0406,2026-02-15,DEV010,Tableau Prep extract,report_refresh_delay,Reporting analytics,Route B,Low,25,report refresh delay needs reporting analytics review,open
EVT0407,2026-02-16,DEV011,Merchant portal,cash_out_risk,Processing operations,Route C,Low,143,cash out risk needs processing operations review,open
EVT0408,2026-02-17,DEV012,Field service queue,settlement_review,Field service,Route D,Medium,375,settlement review needs field service review,closed
EVT0409,2026-02-18,DEV013,Tableau Prep extract,cash_out_risk,Processing operations,Route E,High,121,cash out risk needs processing operations review,open
EVT0410,2026-02-19,DEV014,Excel exception workbook,settlement_review,Field service,Route F,Low,50,settlement review needs field service review,closed
EVT0411,2026-02-20,DEV015,Tableau Prep extract,jam_clearance,Field service,Route G,Medium,525,jam clearance needs field service review,closed
EVT0412,2026-02-21,DEV016,Tableau Prep extract,comms_alert,Merchant support,Route H,Low,30,comms alert needs merchant support review,closed
EVT0413,2026-02-22,DEV017,Cash logistics file,jam_clearance,Reporting analytics,Route A,Low,14,jam clearance needs reporting analytics review,closed
EVT0414,2026-02-23,DEV018,Field service queue,cash_out_risk,Field service,Route B,Low,364,cash out risk needs field service review,closed
EVT0415,2026-02-24,DEV019,Field service queue,comms_alert,Reporting analytics,Route C,Low,80,comms alert needs reporting analytics review,closed
EVT0416,2026-02-25,DEV020,Cash logistics file,jam_clearance,Merchant support,Route D,Low,44,jam clearance needs merchant support review,closed
EVT0417,2026-02-26,DEV021,ATM processor,route_service,Processing operations,Route E,Medium,648,route service needs processing operations review,closed
EVT0418,2026-02-27,DEV022,Merchant portal,cash_load,Cash logistics,Route F,Low,84,cash load needs cash logistics review,closed
EVT0419,2026-02-28,DEV023,ATM processor,merchant_question,Field service,Route G,Medium,441,merchant question needs field service review,closed
EVT0420,2026-03-01,DEV024,Excel exception workbook,route_service,Reporting analytics,Route H,Medium,570,route service needs reporting analytics review,watch
EVT0421,2026-03-02,DEV025,Excel exception workbook,route_service,Merchant support,Route A,Low,135,route service needs merchant support review,closed
EVT0422,2026-03-03,DEV026,Merchant portal,comms_alert,Field service,Route B,Low,286,comms alert needs field service review,watch
EVT0423,2026-03-04,DEV027,Merchant portal,settlement_review,Field service,Route C,Medium,700,settlement review needs field service review,watch
EVT0424,2026-03-05,DEV028,Tableau Prep extract,jam_clearance,Cash logistics,Route D,Low,13,jam clearance needs cash logistics review,closed
EVT0425,2026-03-06,DEV029,Merchant portal,report_refresh_delay,Cash logistics,Route E,Medium,420,report refresh delay needs cash logistics review,open
EVT0426,2026-03-07,DEV030,Merchant portal,route_service,Field service,Route F,Low,209,route service needs field service review,closed
EVT0427,2026-03-08,DEV031,Tableau Prep extract,jam_clearance,Reporting analytics,Route G,Low,33,jam clearance needs reporting analytics review,open
EVT0428,2026-03-09,DEV032,Excel exception workbook,settlement_review,Field service,Route H,Low,286,settlement review needs field service review,closed
EVT0429,2026-03-10,DEV033,Merchant portal,cash_load,Reporting analytics,Route A,Medium,180,cash load needs reporting analytics review,closed
EVT0430,2026-03-11,DEV034,Tableau Prep extract,merchant_question,Reporting analytics,Route B,Medium,924,merchant question needs reporting analytics review,watch
EVT0431,2026-03-12,DEV035,Excel exception workbook,report_refresh_delay,Field service,Route C,High,336,report refresh delay needs field service review,open
EVT0432,2026-03-13,DEV036,ATM processor,report_refresh_delay,Cash logistics,Route D,Low,286,report refresh delay needs cash logistics review,closed
EVT0433,2026-03-14,DEV001,Field service queue,report_refresh_delay,Processing operations,Route A,High,496,report refresh delay needs processing operations review,closed
EVT0434,2026-03-15,DEV002,Merchant portal,jam_clearance,Processing operations,Route B,Low,84,jam clearance needs processing operations review,closed
EVT0435,2026-03-16,DEV003,Merchant portal,cash_load,Cash logistics,Route C,Low,187,cash load needs cash logistics review,closed
EVT0436,2026-03-17,DEV004,Field service queue,cash_load,Field service,Route D,Low,17,cash load needs field service review,watch
EVT0437,2026-03-18,DEV005,Cash logistics file,route_service,Field service,Route E,Low,105,route service needs field service review,closed
EVT0438,2026-03-19,DEV006,Field service queue,settlement_review,Reporting analytics,Route F,Medium,196,settlement review needs reporting analytics review,watch
EVT0439,2026-03-20,DEV007,Excel exception workbook,jam_clearance,Merchant support,Route G,High,1200,jam clearance needs merchant support review,watch
EVT0440,2026-03-21,DEV008,Cash logistics file,jam_clearance,Reporting analytics,Route H,Low,19,jam clearance needs reporting analytics review,watch
EVT0441,2026-03-22,DEV009,Tableau Prep extract,jam_clearance,Cash logistics,Route A,Low,360,jam clearance needs cash logistics review,open
EVT0442,2026-03-23,DEV010,Merchant portal,settlement_review,Reporting analytics,Route B,Medium,416,settlement review needs reporting analytics review,closed
EVT0443,2026-03-24,DEV011,ATM processor,report_refresh_delay,Processing operations,Route C,Low,243,report refresh delay needs processing operations review,watch
EVT0444,2026-03-25,DEV012,Cash logistics file,route_service,Field service,Route D,High,1025,route service needs field service review,closed
EVT0445,2026-03-26,DEV013,Field service queue,report_refresh_delay,Processing operations,Route E,Medium,308,report refresh delay needs processing operations review,closed
EVT0446,2026-03-27,DEV014,Cash logistics file,report_refresh_delay,Field service,Route F,Low,54,report refresh delay needs field service review,watch
EVT0447,2026-03-28,DEV015,Tableau Prep extract,merchant_question,Field service,Route G,High,759,merchant question needs field service review,watch
EVT0448,2026-03-29,DEV016,Field service queue,comms_alert,Merchant support,Route H,Low,132,comms alert needs merchant support review,watch
EVT0449,2026-03-30,DEV017,Cash logistics file,cash_out_risk,Reporting analytics,Route A,Low,80,cash out risk needs reporting analytics review,watch
EVT0450,2026-03-31,DEV018,Excel exception workbook,comms_alert,Field service,Route B,Low,224,comms alert needs field service review,open
EVT0451,2026-04-01,DEV019,Excel exception workbook,cash_load,Reporting analytics,Route C,Low,85,cash load needs reporting analytics review,closed
EVT0452,2026-04-02,DEV020,Cash logistics file,report_refresh_delay,Merchant support,Route D,Low,84,report refresh delay needs merchant support review,closed
EVT0453,2026-04-03,DEV021,Cash logistics file,report_refresh_delay,Processing operations,Route E,Medium,672,report refresh delay needs processing operations review,open
EVT0454,2026-04-04,DEV022,Excel exception workbook,comms_alert,Cash logistics,Route F,Low,96,comms alert needs cash logistics review,open
EVT0455,2026-04-05,DEV023,Excel exception workbook,report_refresh_delay,Field service,Route G,Medium,980,report refresh delay needs field service review,closed
EVT0456,2026-04-06,DEV024,ATM processor,merchant_question,Reporting analytics,Route H,Medium,858,merchant question needs reporting analytics review,watch
EVT0457,2026-04-07,DEV025,ATM processor,comms_alert,Merchant support,Route A,Low,27,comms alert needs merchant support review,closed
EVT0458,2026-04-08,DEV026,Merchant portal,cash_load,Field service,Route B,Low,108,cash load needs field service review,watch
EVT0459,2026-04-09,DEV027,Field service queue,jam_clearance,Field service,Route C,High,986,jam clearance needs field service review,watch
EVT0460,2026-04-10,DEV028,Cash logistics file,jam_clearance,Cash logistics,Route D,Medium,320,jam clearance needs cash logistics review,closed
EVT0461,2026-04-11,DEV029,Cash logistics file,comms_alert,Cash logistics,Route E,Low,24,comms alert needs cash logistics review,watch
EVT0462,2026-04-12,DEV030,Cash logistics file,merchant_question,Field service,Route F,Medium,360,merchant question needs field service review,watch
EVT0463,2026-04-13,DEV031,Excel exception workbook,merchant_question,Reporting analytics,Route G,Low,135,merchant question needs reporting analytics review,closed
EVT0464,2026-04-14,DEV032,Cash logistics file,cash_load,Field service,Route H,Medium,588,cash load needs field service review,closed
EVT0465,2026-04-15,DEV033,Merchant portal,jam_clearance,Reporting analytics,Route A,High,234,jam clearance needs reporting analytics review,closed
EVT0466,2026-04-16,DEV034,ATM processor,comms_alert,Reporting analytics,Route B,Medium,342,comms alert needs reporting analytics review,watch
EVT0467,2026-04-17,DEV035,Merchant portal,merchant_question,Field service,Route C,Low,15,merchant question needs field service review,watch
EVT0468,2026-04-18,DEV036,Field service queue,merchant_question,Cash logistics,Route D,High,250,merchant question needs cash logistics review,closed
EVT0469,2026-04-19,DEV001,Field service queue,merchant_question,Processing operations,Route A,Medium,782,merchant question needs processing operations review,watch
EVT0470,2026-04-20,DEV002,Field service queue,jam_clearance,Processing operations,Route B,Low,168,jam clearance needs processing operations review,watch
EVT0471,2026-04-21,DEV003,Merchant portal,route_service,Cash logistics,Route C,Medium,255,route service needs cash logistics review,watch
EVT0472,2026-04-22,DEV004,Excel exception workbook,settlement_review,Field service,Route D,High,275,settlement review needs field service review,watch
EVT0473,2026-04-23,DEV005,Field service queue,cash_load,Field service,Route E,Low,93,cash load needs field service review,open
EVT0474,2026-04-24,DEV006,ATM processor,jam_clearance,Reporting analytics,Route F,Low,42,jam clearance needs reporting analytics review,closed
EVT0475,2026-04-25,DEV007,Tableau Prep extract,route_service,Merchant support,Route G,High,580,route service needs merchant support review,open
EVT0476,2026-04-26,DEV008,Tableau Prep extract,cash_load,Reporting analytics,Route H,Low,22,cash load needs reporting analytics review,open
EVT0477,2026-04-27,DEV009,Excel exception workbook,cash_out_risk,Cash logistics,Route A,Medium,300,cash out risk needs cash logistics review,open
EVT0478,2026-04-28,DEV010,Merchant portal,comms_alert,Reporting analytics,Route B,Low,186,comms alert needs reporting analytics review,watch
EVT0479,2026-04-29,DEV011,Excel exception workbook,cash_load,Processing operations,Route C,Medium,704,cash load needs processing operations review,watch
EVT0480,2026-04-30,DEV012,Field service queue,report_refresh_delay,Field service,Route D,Medium,338,report refresh delay needs field service review,watch
EVT0481,2026-01-01,DEV013,Merchant portal,comms_alert,Processing operations,Route E,Medium,544,comms alert needs processing operations review,open
EVT0482,2026-01-02,DEV014,Excel exception workbook,cash_load,Field service,Route F,Medium,340,cash load needs field service review,watch
EVT0483,2026-01-03,DEV015,Tableau Prep extract,settlement_review,Field service,Route G,Medium,242,settlement review needs field service review,closed
EVT0484,2026-01-04,DEV016,Cash logistics file,merchant_question,Merchant support,Route H,Medium,391,merchant question needs merchant support review,open
EVT0485,2026-01-05,DEV017,Tableau Prep extract,jam_clearance,Reporting analytics,Route A,Low,288,jam clearance needs reporting analytics review,closed
EVT0486,2026-01-06,DEV018,ATM processor,route_service,Field service,Route B,Low,156,route service needs field service review,watch
EVT0487,2026-01-07,DEV019,Tableau Prep extract,cash_out_risk,Reporting analytics,Route C,Low,76,cash out risk needs reporting analytics review,watch
EVT0488,2026-01-08,DEV020,Tableau Prep extract,comms_alert,Merchant support,Route D,Low,231,comms alert needs merchant support review,closed
EVT0489,2026-01-09,DEV021,Field service queue,report_refresh_delay,Processing operations,Route E,Medium,484,report refresh delay needs processing operations review,watch
EVT0490,2026-01-10,DEV022,Cash logistics file,merchant_question,Cash logistics,Route F,Low,40,merchant question needs cash logistics review,open
EVT0491,2026-01-11,DEV023,ATM processor,settlement_review,Field service,Route G,Medium,500,settlement review needs field service review,open
EVT0492,2026-01-12,DEV024,Merchant portal,cash_load,Reporting analytics,Route H,High,272,cash load needs reporting analytics review,closed
EVT0493,2026-01-13,DEV025,Merchant portal,report_refresh_delay,Merchant support,Route A,Low,180,report refresh delay needs merchant support review,closed
EVT0494,2026-01-14,DEV026,Field service queue,cash_load,Field service,Route B,Low,208,cash load needs field service review,open
EVT0495,2026-01-15,DEV027,ATM processor,cash_out_risk,Field service,Route C,High,1216,cash out risk needs field service review,closed
EVT0496,2026-01-16,DEV028,Excel exception workbook,route_service,Cash logistics,Route D,Medium,702,route service needs cash logistics review,watch
EVT0497,2026-01-17,DEV029,Cash logistics file,jam_clearance,Cash logistics,Route E,Low,84,jam clearance needs cash logistics review,closed
EVT0498,2026-01-18,DEV030,ATM processor,cash_out_risk,Field service,Route F,Low,155,cash out risk needs field service review,open
EVT0499,2026-01-19,DEV031,Tableau Prep extract,report_refresh_delay,Reporting analytics,Route G,Low,29,report refresh delay needs reporting analytics review,watch
EVT0500,2026-01-20,DEV032,Field service queue,report_refresh_delay,Field service,Route H,Medium,384,report refresh delay needs field service review,watch
EVT0501,2026-01-21,DEV033,Tableau Prep extract,comms_alert,Reporting analytics,Route A,Medium,464,comms alert needs reporting analytics review,watch
EVT0502,2026-01-22,DEV034,ATM processor,comms_alert,Reporting analytics,Route B,High,620,comms alert needs reporting analytics review,watch
EVT0503,2026-01-23,DEV035,Field service queue,settlement_review,Field service,Route C,Low,126,settlement review needs field service review,open
EVT0504,2026-01-24,DEV036,Merchant portal,cash_out_risk,Cash logistics,Route D,Medium,850,cash out risk needs cash logistics review,open
EVT0505,2026-01-25,DEV001,Excel exception workbook,merchant_question,Processing operations,Route A,Low,75,merchant question needs processing operations review,watch
EVT0506,2026-01-26,DEV002,Tableau Prep extract,report_refresh_delay,Processing operations,Route B,Low,32,report refresh delay needs processing operations review,watch
EVT0507,2026-01-27,DEV003,Excel exception workbook,jam_clearance,Cash logistics,Route C,Medium,204,jam clearance needs cash logistics review,open
EVT0508,2026-01-28,DEV004,Tableau Prep extract,settlement_review,Field service,Route D,Low,84,settlement review needs field service review,open
EVT0509,2026-01-29,DEV005,Field service queue,comms_alert,Field service,Route E,Low,11,comms alert needs field service review,closed
EVT0510,2026-01-30,DEV006,Cash logistics file,merchant_question,Reporting analytics,Route F,Low,330,merchant question needs reporting analytics review,watch
EVT0511,2026-01-31,DEV007,Field service queue,jam_clearance,Merchant support,Route G,High,1040,jam clearance needs merchant support review,watch
EVT0512,2026-02-01,DEV008,Tableau Prep extract,cash_out_risk,Reporting analytics,Route H,Medium,308,cash out risk needs reporting analytics review,closed
EVT0513,2026-02-02,DEV009,Tableau Prep extract,comms_alert,Cash logistics,Route A,Medium,288,comms alert needs cash logistics review,watch
EVT0514,2026-02-03,DEV010,Field service queue,settlement_review,Reporting analytics,Route B,Medium,374,settlement review needs reporting analytics review,watch
EVT0515,2026-02-04,DEV011,Cash logistics file,cash_out_risk,Processing operations,Route C,High,928,cash out risk needs processing operations review,watch
EVT0516,2026-02-05,DEV012,Cash logistics file,jam_clearance,Field service,Route D,High,720,jam clearance needs field service review,closed
EVT0517,2026-02-06,DEV013,ATM processor,comms_alert,Processing operations,Route E,Medium,176,comms alert needs processing operations review,watch
EVT0518,2026-02-07,DEV014,ATM processor,jam_clearance,Field service,Route F,Low,372,jam clearance needs field service review,closed
EVT0519,2026-02-08,DEV015,Cash logistics file,settlement_review,Field service,Route G,Medium,380,settlement review needs field service review,closed
EVT0520,2026-02-09,DEV016,Merchant portal,jam_clearance,Merchant support,Route H,Low,240,jam clearance needs merchant support review,closed
EVT0521,2026-02-10,DEV017,Field service queue,jam_clearance,Reporting analytics,Route A,Low,306,jam clearance needs reporting analytics review,watch
EVT0522,2026-02-11,DEV018,Excel exception workbook,cash_out_risk,Field service,Route B,Low,290,cash out risk needs field service review,open
EVT0523,2026-02-12,DEV019,Cash logistics file,comms_alert,Reporting analytics,Route C,Low,119,comms alert needs reporting analytics review,open
EVT0524,2026-02-13,DEV020,Cash logistics file,settlement_review,Merchant support,Route D,Low,156,settlement review needs merchant support review,closed
EVT0525,2026-02-14,DEV021,ATM processor,route_service,Processing operations,Route E,Low,136,route service needs processing operations review,closed
EVT0526,2026-02-15,DEV022,Tableau Prep extract,cash_out_risk,Cash logistics,Route F,Low,11,cash out risk needs cash logistics review,closed
EVT0527,2026-02-16,DEV023,Tableau Prep extract,settlement_review,Field service,Route G,Medium,322,settlement review needs field service review,closed
EVT0528,2026-02-17,DEV024,Merchant portal,route_service,Reporting analytics,Route H,Low,110,route service needs reporting analytics review,closed
EVT0529,2026-02-18,DEV025,Field service queue,comms_alert,Merchant support,Route A,Low,68,comms alert needs merchant support review,closed
EVT0530,2026-02-19,DEV026,ATM processor,settlement_review,Field service,Route B,Medium,450,settlement review needs field service review,closed
EVT0531,2026-02-20,DEV027,Field service queue,jam_clearance,Field service,Route C,Low,390,jam clearance needs field service review,closed
EVT0532,2026-02-21,DEV028,ATM processor,cash_load,Cash logistics,Route D,Low,176,cash load needs cash logistics review,watch
EVT0533,2026-02-22,DEV029,Tableau Prep extract,settlement_review,Cash logistics,Route E,Low,297,settlement review needs cash logistics review,watch
EVT0534,2026-02-23,DEV030,Field service queue,route_service,Field service,Route F,Medium,324,route service needs field service review,closed
EVT0535,2026-02-24,DEV031,Tableau Prep extract,report_refresh_delay,Reporting analytics,Route G,Low,143,report refresh delay needs reporting analytics review,open
EVT0536,2026-02-25,DEV032,Excel exception workbook,merchant_question,Field service,Route H,Medium,440,merchant question needs field service review,closed
EVT0537,2026-02-26,DEV033,Cash logistics file,route_service,Reporting analytics,Route A,Medium,192,route service needs reporting analytics review,open
EVT0538,2026-02-27,DEV034,Cash logistics file,cash_load,Reporting analytics,Route B,Medium,598,cash load needs reporting analytics review,closed
EVT0539,2026-02-28,DEV035,Cash logistics file,settlement_review,Field service,Route C,Low,324,settlement review needs field service review,watch
EVT0540,2026-03-01,DEV036,ATM processor,route_service,Cash logistics,Route D,Low,286,route service needs cash logistics review,open
EVT0541,2026-03-02,DEV001,Excel exception workbook,cash_out_risk,Processing operations,Route A,Medium,552,cash out risk needs processing operations review,closed
EVT0542,2026-03-03,DEV002,Merchant portal,cash_load,Processing operations,Route B,Low,15,cash load needs processing operations review,watch
EVT0543,2026-03-04,DEV003,Field service queue,jam_clearance,Cash logistics,Route C,High,62,jam clearance needs cash logistics review,closed
EVT0544,2026-03-05,DEV004,ATM processor,cash_load,Field service,Route D,High,120,cash load needs field service review,closed
EVT0545,2026-03-06,DEV005,Cash logistics file,jam_clearance,Field service,Route E,Medium,441,jam clearance needs field service review,closed
EVT0546,2026-03-07,DEV006,Tableau Prep extract,cash_out_risk,Reporting analytics,Route F,Low,87,cash out risk needs reporting analytics review,watch
EVT0547,2026-03-08,DEV007,Cash logistics file,comms_alert,Merchant support,Route G,Medium,351,comms alert needs merchant support review,watch
EVT0548,2026-03-09,DEV008,ATM processor,report_refresh_delay,Reporting analytics,Route H,Low,286,report refresh delay needs reporting analytics review,closed
EVT0549,2026-03-10,DEV009,Cash logistics file,cash_out_risk,Cash logistics,Route A,Medium,624,cash out risk needs cash logistics review,open
EVT0550,2026-03-11,DEV010,Tableau Prep extract,jam_clearance,Reporting analytics,Route B,Low,252,jam clearance needs reporting analytics review,closed
EVT0551,2026-03-12,DEV011,ATM processor,route_service,Processing operations,Route C,High,330,route service needs processing operations review,open
EVT0552,2026-03-13,DEV012,ATM processor,jam_clearance,Field service,Route D,Medium,972,jam clearance needs field service review,open
EVT0553,2026-03-14,DEV013,Cash logistics file,cash_out_risk,Processing operations,Route E,Medium,396,cash out risk needs processing operations review,closed
EVT0554,2026-03-15,DEV014,Tableau Prep extract,comms_alert,Field service,Route F,Low,52,comms alert needs field service review,watch
EVT0555,2026-03-16,DEV015,Tableau Prep extract,cash_load,Field service,Route G,High,620,cash load needs field service review,open
EVT0556,2026-03-17,DEV016,Merchant portal,cash_out_risk,Merchant support,Route H,Medium,418,cash out risk needs merchant support review,closed
EVT0557,2026-03-18,DEV017,Tableau Prep extract,settlement_review,Reporting analytics,Route A,High,551,settlement review needs reporting analytics review,open
EVT0558,2026-03-19,DEV018,Field service queue,report_refresh_delay,Field service,Route B,High,884,report refresh delay needs field service review,closed
EVT0559,2026-03-20,DEV019,ATM processor,route_service,Reporting analytics,Route C,Low,312,route service needs reporting analytics review,open
EVT0560,2026-03-21,DEV020,Tableau Prep extract,comms_alert,Merchant support,Route D,Medium,480,comms alert needs merchant support review,closed
EVT0561,2026-03-22,DEV021,Cash logistics file,route_service,Processing operations,Route E,Medium,437,route service needs processing operations review,closed
EVT0562,2026-03-23,DEV022,Cash logistics file,route_service,Cash logistics,Route F,Low,100,route service needs cash logistics review,closed
EVT0563,2026-03-24,DEV023,ATM processor,jam_clearance,Field service,Route G,Medium,580,jam clearance needs field service review,watch
EVT0564,2026-03-25,DEV024,Cash logistics file,merchant_question,Reporting analytics,Route H,High,595,merchant question needs reporting analytics review,closed
EVT0565,2026-03-26,DEV025,Tableau Prep extract,route_service,Merchant support,Route A,Low,112,route service needs merchant support review,closed
EVT0566,2026-03-27,DEV026,Tableau Prep extract,merchant_question,Field service,Route B,Low,220,merchant question needs field service review,closed
EVT0567,2026-03-28,DEV027,Field service queue,cash_out_risk,Field service,Route C,Medium,440,cash out risk needs field service review,closed
EVT0568,2026-03-29,DEV028,Cash logistics file,settlement_review,Cash logistics,Route D,Medium,648,settlement review needs cash logistics review,closed
EVT0569,2026-03-30,DEV029,Tableau Prep extract,comms_alert,Cash logistics,Route E,Low,14,comms alert needs cash logistics review,watch
EVT0570,2026-03-31,DEV030,Field service queue,cash_load,Field service,Route F,Low,165,cash load needs field service review,closed
EVT0571,2026-04-01,DEV031,Tableau Prep extract,report_refresh_delay,Reporting analytics,Route G,Medium,462,report refresh delay needs reporting analytics review,closed
EVT0572,2026-04-02,DEV032,Merchant portal,cash_out_risk,Field service,Route H,Medium,828,cash out risk needs field service review,closed
EVT0573,2026-04-03,DEV033,Cash logistics file,route_service,Reporting analytics,Route A,Medium,252,route service needs reporting analytics review,open
EVT0574,2026-04-04,DEV034,Cash logistics file,settlement_review,Reporting analytics,Route B,High,800,settlement review needs reporting analytics review,closed
EVT0575,2026-04-05,DEV035,Field service queue,report_refresh_delay,Field service,Route C,Medium,352,report refresh delay needs field service review,watch
EVT0576,2026-04-06,DEV036,Tableau Prep extract,jam_clearance,Cash logistics,Route D,Medium,864,jam clearance needs cash logistics review,open
EVT0577,2026-04-07,DEV001,Cash logistics file,report_refresh_delay,Processing operations,Route A,Medium,494,report refresh delay needs processing operations review,watch
EVT0578,2026-04-08,DEV002,Tableau Prep extract,merchant_question,Processing operations,Route B,Low,14,merchant question needs processing operations review,watch
EVT0579,2026-04-09,DEV003,Field service queue,jam_clearance,Cash logistics,Route C,Medium,792,jam clearance needs cash logistics review,watch
EVT0580,2026-04-10,DEV004,Field service queue,jam_clearance,Field service,Route D,Low,217,jam clearance needs field service review,open
EVT0581,2026-04-11,DEV005,ATM processor,settlement_review,Field service,Route E,Low,130,settlement review needs field service review,watch
EVT0582,2026-04-12,DEV006,Tableau Prep extract,route_service,Reporting analytics,Route F,Low,250,route service needs reporting analytics review,watch
EVT0583,2026-04-13,DEV007,Excel exception workbook,cash_out_risk,Merchant support,Route G,High,1073,cash out risk needs merchant support review,open
EVT0584,2026-04-14,DEV008,Field service queue,comms_alert,Reporting analytics,Route H,Medium,378,comms alert needs reporting analytics review,closed
EVT0585,2026-04-15,DEV009,Field service queue,settlement_review,Cash logistics,Route A,Medium,255,settlement review needs cash logistics review,open
EVT0586,2026-04-16,DEV010,ATM processor,jam_clearance,Reporting analytics,Route B,Low,156,jam clearance needs reporting analytics review,closed
EVT0587,2026-04-17,DEV011,Cash logistics file,jam_clearance,Processing operations,Route C,Low,32,jam clearance needs processing operations review,open
EVT0588,2026-04-18,DEV012,Field service queue,settlement_review,Field service,Route D,Medium,546,settlement review needs field service review,open
EVT0589,2026-04-19,DEV013,Field service queue,cash_load,Processing operations,Route E,Low,108,cash load needs processing operations review,watch
EVT0590,2026-04-20,DEV014,ATM processor,report_refresh_delay,Field service,Route F,Medium,648,report refresh delay needs field service review,watch
EVT0591,2026-04-21,DEV015,Cash logistics file,merchant_question,Field service,Route G,High,837,merchant question needs field service review,closed
EVT0592,2026-04-22,DEV016,Tableau Prep extract,report_refresh_delay,Merchant support,Route H,Medium,323,report refresh delay needs merchant support review,closed
EVT0593,2026-04-23,DEV017,Excel exception workbook,cash_load,Reporting analytics,Route A,Medium,336,cash load needs reporting analytics review,closed
EVT0594,2026-04-24,DEV018,Tableau Prep extract,route_service,Field service,Route B,Medium,375,route service needs field service review,closed
EVT0595,2026-04-25,DEV019,Cash logistics file,report_refresh_delay,Reporting analytics,Route C,Low,14,report refresh delay needs reporting analytics review,open
EVT0596,2026-04-26,DEV020,Excel exception workbook,merchant_question,Merchant support,Route D,High,567,merchant question needs merchant support review,watch
EVT0597,2026-04-27,DEV021,Excel exception workbook,report_refresh_delay,Processing operations,Route E,Low,14,report refresh delay needs processing operations review,watch
EVT0598,2026-04-28,DEV022,Field service queue,cash_out_risk,Cash logistics,Route F,Medium,600,cash out risk needs cash logistics review,watch
EVT0599,2026-04-29,DEV023,Tableau Prep extract,route_service,Field service,Route G,Medium,448,route service needs field service review,watch
EVT0600,2026-04-30,DEV024,ATM processor,report_refresh_delay,Reporting analytics,Route H,Medium,391,report refresh delay needs reporting analytics review,closed
EVT0601,2026-01-01,DEV025,Merchant portal,settlement_review,Merchant support,Route A,Low,360,settlement review needs merchant support review,watch
EVT0602,2026-01-02,DEV026,Field service queue,cash_load,Field service,Route B,Low,120,cash load needs field service review,closed
EVT0603,2026-01-03,DEV027,Tableau Prep extract,cash_load,Field service,Route C,Medium,644,cash load needs field service review,watch
EVT0604,2026-01-04,DEV028,ATM processor,cash_load,Cash logistics,Route D,Low,143,cash load needs cash logistics review,watch
EVT0605,2026-01-05,DEV029,Cash logistics file,report_refresh_delay,Cash logistics,Route E,Medium,437,report refresh delay needs cash logistics review,watch
EVT0606,2026-01-06,DEV030,ATM processor,cash_load,Field service,Route F,Low,33,cash load needs field service review,watch
EVT0607,2026-01-07,DEV031,ATM processor,merchant_question,Reporting analytics,Route G,Medium,528,merchant question needs reporting analytics review,closed
EVT0608,2026-01-08,DEV032,Cash logistics file,route_service,Field service,Route H,Medium,306,route service needs field service review,open
EVT0609,2026-01-09,DEV033,Excel exception workbook,report_refresh_delay,Reporting analytics,Route A,Medium,437,report refresh delay needs reporting analytics review,closed
EVT0610,2026-01-10,DEV034,Excel exception workbook,route_service,Reporting analytics,Route B,High,851,route service needs reporting analytics review,closed
EVT0611,2026-01-11,DEV035,Excel exception workbook,comms_alert,Field service,Route C,Medium,450,comms alert needs field service review,closed
EVT0612,2026-01-12,DEV036,Merchant portal,cash_out_risk,Cash logistics,Route D,High,532,cash out risk needs cash logistics review,closed
EVT0613,2026-01-13,DEV001,Excel exception workbook,comms_alert,Processing operations,Route A,Low,144,comms alert needs processing operations review,open
EVT0614,2026-01-14,DEV002,Tableau Prep extract,cash_out_risk,Processing operations,Route B,Low,180,cash out risk needs processing operations review,closed
EVT0615,2026-01-15,DEV003,Merchant portal,jam_clearance,Cash logistics,Route C,Medium,391,jam clearance needs cash logistics review,closed
EVT0616,2026-01-16,DEV004,Merchant portal,cash_load,Field service,Route D,High,462,cash load needs field service review,closed
EVT0617,2026-01-17,DEV005,Cash logistics file,report_refresh_delay,Field service,Route E,Low,22,report refresh delay needs field service review,closed
EVT0618,2026-01-18,DEV006,Field service queue,route_service,Reporting analytics,Route F,Medium,408,route service needs reporting analytics review,watch
EVT0619,2026-01-19,DEV007,Tableau Prep extract,jam_clearance,Merchant support,Route G,High,704,jam clearance needs merchant support review,open
EVT0620,2026-01-20,DEV008,Cash logistics file,report_refresh_delay,Reporting analytics,Route H,Low,36,report refresh delay needs reporting analytics review,closed
EVT0621,2026-01-21,DEV009,Excel exception workbook,comms_alert,Cash logistics,Route A,Low,11,comms alert needs cash logistics review,watch
EVT0622,2026-01-22,DEV010,ATM processor,route_service,Reporting analytics,Route B,Medium,270,route service needs reporting analytics review,watch
EVT0623,2026-01-23,DEV011,Excel exception workbook,route_service,Processing operations,Route C,Low,108,route service needs processing operations review,closed
EVT0624,2026-01-24,DEV012,ATM processor,report_refresh_delay,Field service,Route D,Medium,825,report refresh delay needs field service review,watch
EVT0625,2026-01-25,DEV013,ATM processor,report_refresh_delay,Processing operations,Route E,Low,133,report refresh delay needs processing operations review,closed
EVT0626,2026-01-26,DEV014,Tableau Prep extract,route_service,Field service,Route F,Low,120,route service needs field service review,open
EVT0627,2026-01-27,DEV015,Merchant portal,report_refresh_delay,Field service,Route G,Medium,442,report refresh delay needs field service review,watch
EVT0628,2026-01-28,DEV016,ATM processor,route_service,Merchant support,Route H,Low,12,route service needs merchant support review,watch
EVT0629,2026-01-29,DEV017,Tableau Prep extract,merchant_question,Reporting analytics,Route A,Medium,504,merchant question needs reporting analytics review,closed
EVT0630,2026-01-30,DEV018,Tableau Prep extract,settlement_review,Field service,Route B,Medium,684,settlement review needs field service review,watch
EVT0631,2026-01-31,DEV019,ATM processor,report_refresh_delay,Reporting analytics,Route C,High,378,report refresh delay needs reporting analytics review,closed
EVT0632,2026-02-01,DEV020,Cash logistics file,merchant_question,Merchant support,Route D,Low,228,merchant question needs merchant support review,watch
EVT0633,2026-02-02,DEV021,Cash logistics file,cash_load,Processing operations,Route E,Medium,196,cash load needs processing operations review,open
EVT0634,2026-02-03,DEV022,Excel exception workbook,jam_clearance,Cash logistics,Route F,Low,152,jam clearance needs cash logistics review,closed
EVT0635,2026-02-04,DEV023,Excel exception workbook,cash_load,Field service,Route G,High,986,cash load needs field service review,watch
EVT0636,2026-02-05,DEV024,Tableau Prep extract,cash_out_risk,Reporting analytics,Route H,High,972,cash out risk needs reporting analytics review,open
EVT0637,2026-02-06,DEV025,Cash logistics file,route_service,Merchant support,Route A,Low,210,route service needs merchant support review,watch
EVT0638,2026-02-07,DEV026,Field service queue,cash_load,Field service,Route B,Low,280,cash load needs field service review,closed
EVT0639,2026-02-08,DEV027,Excel exception workbook,route_service,Field service,Route C,High,760,route service needs field service review,watch
EVT0640,2026-02-09,DEV028,Cash logistics file,report_refresh_delay,Cash logistics,Route D,Low,26,report refresh delay needs cash logistics review,closed
EVT0641,2026-02-10,DEV029,Field service queue,route_service,Cash logistics,Route E,Low,28,route service needs cash logistics review,open
EVT0642,2026-02-11,DEV030,Tableau Prep extract,settlement_review,Field service,Route F,Low,32,settlement review needs field service review,closed
EVT0643,2026-02-12,DEV031,Cash logistics file,jam_clearance,Reporting analytics,Route G,Low,102,jam clearance needs reporting analytics review,open
EVT0644,2026-02-13,DEV032,Field service queue,cash_out_risk,Field service,Route H,Medium,304,cash out risk needs field service review,closed
EVT0645,2026-02-14,DEV033,Excel exception workbook,cash_load,Reporting analytics,Route A,Low,34,cash load needs reporting analytics review,closed
EVT0646,2026-02-15,DEV034,Cash logistics file,cash_out_risk,Reporting analytics,Route B,High,805,cash out risk needs reporting analytics review,watch
EVT0647,2026-02-16,DEV035,Merchant portal,report_refresh_delay,Field service,Route C,Low,24,report refresh delay needs field service review,closed
EVT0648,2026-02-17,DEV036,ATM processor,merchant_question,Cash logistics,Route D,Low,156,merchant question needs cash logistics review,open
EVT0649,2026-02-18,DEV001,Excel exception workbook,route_service,Processing operations,Route A,Medium,238,route service needs processing operations review,closed
EVT0650,2026-02-19,DEV002,ATM processor,cash_load,Processing operations,Route B,Low,150,cash load needs processing operations review,watch
EVT0651,2026-02-20,DEV003,Merchant portal,report_refresh_delay,Cash logistics,Route C,High,1020,report refresh delay needs cash logistics review,closed
EVT0652,2026-02-21,DEV004,Cash logistics file,report_refresh_delay,Field service,Route D,Low,169,report refresh delay needs field service review,watch
EVT0653,2026-02-22,DEV005,Cash logistics file,jam_clearance,Field service,Route E,High,143,jam clearance needs field service review,closed
EVT0654,2026-02-23,DEV006,Tableau Prep extract,cash_load,Reporting analytics,Route F,High,255,cash load needs reporting analytics review,watch
EVT0655,2026-02-24,DEV007,ATM processor,jam_clearance,Merchant support,Route G,Low,416,jam clearance needs merchant support review,watch
EVT0656,2026-02-25,DEV008,Merchant portal,comms_alert,Reporting analytics,Route H,Low,60,comms alert needs reporting analytics review,open
EVT0657,2026-02-26,DEV009,Cash logistics file,route_service,Cash logistics,Route A,Low,420,route service needs cash logistics review,watch
EVT0658,2026-02-27,DEV010,Cash logistics file,settlement_review,Reporting analytics,Route B,Low,432,settlement review needs reporting analytics review,watch
EVT0659,2026-02-28,DEV011,Merchant portal,jam_clearance,Processing operations,Route C,Low,60,jam clearance needs processing operations review,watch
EVT0660,2026-03-01,DEV012,Merchant portal,comms_alert,Field service,Route D,High,460,comms alert needs field service review,closed
EVT0661,2026-03-02,DEV013,Merchant portal,report_refresh_delay,Processing operations,Route E,High,160,report refresh delay needs processing operations review,watch
EVT0662,2026-03-03,DEV014,Excel exception workbook,jam_clearance,Field service,Route F,Low,156,jam clearance needs field service review,watch
EVT0663,2026-03-04,DEV015,ATM processor,settlement_review,Field service,Route G,Medium,468,settlement review needs field service review,closed
EVT0664,2026-03-05,DEV016,Tableau Prep extract,route_service,Merchant support,Route H,Medium,255,route service needs merchant support review,closed
EVT0665,2026-03-06,DEV017,Tableau Prep extract,cash_load,Reporting analytics,Route A,Medium,500,cash load needs reporting analytics review,open
EVT0666,2026-03-07,DEV018,Excel exception workbook,cash_load,Field service,Route B,Medium,361,cash load needs field service review,open
EVT0667,2026-03-08,DEV019,Tableau Prep extract,cash_out_risk,Reporting analytics,Route C,Low,15,cash out risk needs reporting analytics review,open
EVT0668,2026-03-09,DEV020,ATM processor,cash_load,Merchant support,Route D,Medium,576,cash load needs merchant support review,closed
EVT0669,2026-03-10,DEV021,Excel exception workbook,jam_clearance,Processing operations,Route E,Low,348,jam clearance needs processing operations review,watch
EVT0670,2026-03-11,DEV022,Cash logistics file,jam_clearance,Cash logistics,Route F,Low,124,jam clearance needs cash logistics review,watch
EVT0671,2026-03-12,DEV023,Merchant portal,report_refresh_delay,Field service,Route G,Medium,483,report refresh delay needs field service review,open
EVT0672,2026-03-13,DEV024,ATM processor,cash_out_risk,Reporting analytics,Route H,Low,169,cash out risk needs reporting analytics review,open
EVT0673,2026-03-14,DEV025,Merchant portal,settlement_review,Merchant support,Route A,Low,110,settlement review needs merchant support review,closed
EVT0674,2026-03-15,DEV026,Field service queue,route_service,Field service,Route B,Medium,420,route service needs field service review,watch
EVT0675,2026-03-16,DEV027,Merchant portal,merchant_question,Field service,Route C,Medium,416,merchant question needs field service review,watch
EVT0676,2026-03-17,DEV028,Tableau Prep extract,settlement_review,Cash logistics,Route D,Low,396,settlement review needs cash logistics review,open
EVT0677,2026-03-18,DEV029,Excel exception workbook,jam_clearance,Cash logistics,Route E,Low,38,jam clearance needs cash logistics review,closed
EVT0678,2026-03-19,DEV030,Cash logistics file,jam_clearance,Field service,Route F,Low,144,jam clearance needs field service review,open
EVT0679,2026-03-20,DEV031,Excel exception workbook,settlement_review,Reporting analytics,Route G,Low,200,settlement review needs reporting analytics review,closed
EVT0680,2026-03-21,DEV032,Excel exception workbook,jam_clearance,Field service,Route H,High,480,jam clearance needs field service review,open
EVT0681,2026-03-22,DEV033,Field service queue,comms_alert,Reporting analytics,Route A,Medium,660,comms alert needs reporting analytics review,open
EVT0682,2026-03-23,DEV034,ATM processor,cash_load,Reporting analytics,Route B,Medium,875,cash load needs reporting analytics review,closed
EVT0683,2026-03-24,DEV035,Tableau Prep extract,route_service,Field service,Route C,Low,84,route service needs field service review,watch
EVT0684,2026-03-25,DEV036,Cash logistics file,route_service,Cash logistics,Route D,Medium,442,route service needs cash logistics review,watch
EVT0685,2026-03-26,DEV001,Merchant portal,jam_clearance,Processing operations,Route A,High,84,jam clearance needs processing operations review,open
EVT0686,2026-03-27,DEV002,ATM processor,jam_clearance,Processing operations,Route B,High,338,jam clearance needs processing operations review,watch
EVT0687,2026-03-28,DEV003,Cash logistics file,settlement_review,Cash logistics,Route C,Low,273,settlement review needs cash logistics review,watch
EVT0688,2026-03-29,DEV004,Merchant portal,settlement_review,Field service,Route D,Low,152,settlement review needs field service review,open
EVT0689,2026-03-30,DEV005,Cash logistics file,report_refresh_delay,Field service,Route E,Low,165,report refresh delay needs field service review,closed
EVT0690,2026-03-31,DEV006,Tableau Prep extract,route_service,Reporting analytics,Route F,Low,231,route service needs reporting analytics review,open
EVT0691,2026-04-01,DEV007,ATM processor,jam_clearance,Merchant support,Route G,Medium,550,jam clearance needs merchant support review,watch
EVT0692,2026-04-02,DEV008,Excel exception workbook,route_service,Reporting analytics,Route H,Low,132,route service needs reporting analytics review,closed
EVT0693,2026-04-03,DEV009,Merchant portal,jam_clearance,Cash logistics,Route A,Medium,322,jam clearance needs cash logistics review,watch
EVT0694,2026-04-04,DEV010,ATM processor,merchant_question,Reporting analytics,Route B,Medium,294,merchant question needs reporting analytics review,closed
EVT0695,2026-04-05,DEV011,ATM processor,cash_load,Processing operations,Route C,Medium,480,cash load needs processing operations review,watch
EVT0696,2026-04-06,DEV012,Cash logistics file,route_service,Field service,Route D,Medium,552,route service needs field service review,open
EVT0697,2026-04-07,DEV013,Merchant portal,jam_clearance,Processing operations,Route E,Medium,812,jam clearance needs processing operations review,open
EVT0698,2026-04-08,DEV014,ATM processor,cash_load,Field service,Route F,Low,160,cash load needs field service review,closed
EVT0699,2026-04-09,DEV015,Field service queue,settlement_review,Field service,Route G,Medium,624,settlement review needs field service review,closed
EVT0700,2026-04-10,DEV016,ATM processor,settlement_review,Merchant support,Route H,Medium,442,settlement review needs merchant support review,watch
EVT0701,2026-04-11,DEV017,Field service queue,cash_load,Reporting analytics,Route A,Medium,418,cash load needs reporting analytics review,open
EVT0702,2026-04-12,DEV018,Tableau Prep extract,jam_clearance,Field service,Route B,Medium,570,jam clearance needs field service review,watch
EVT0703,2026-04-13,DEV019,Cash logistics file,cash_out_risk,Reporting analytics,Route C,Medium,720,cash out risk needs reporting analytics review,closed
EVT0704,2026-04-14,DEV020,Cash logistics file,report_refresh_delay,Merchant support,Route D,Medium,440,report refresh delay needs merchant support review,open
EVT0705,2026-04-15,DEV021,Tableau Prep extract,route_service,Processing operations,Route E,Low,14,route service needs processing operations review,closed
EVT0706,2026-04-16,DEV022,Cash logistics file,settlement_review,Cash logistics,Route F,Medium,234,settlement review needs cash logistics review,watch
EVT0707,2026-04-17,DEV023,Merchant portal,route_service,Field service,Route G,High,330,route service needs field service review,open
EVT0708,2026-04-18,DEV024,ATM processor,settlement_review,Reporting analytics,Route H,Medium,759,settlement review needs reporting analytics review,open
EVT0709,2026-04-19,DEV025,Field service queue,comms_alert,Merchant support,Route A,Medium,400,comms alert needs merchant support review,watch
EVT0710,2026-04-20,DEV026,ATM processor,route_service,Field service,Route B,Low,99,route service needs field service review,watch
EVT0711,2026-04-21,DEV027,Cash logistics file,cash_out_risk,Field service,Route C,High,836,cash out risk needs field service review,watch
EVT0712,2026-04-22,DEV028,Merchant portal,settlement_review,Cash logistics,Route D,Low,90,settlement review needs cash logistics review,watch
EVT0713,2026-04-23,DEV029,Merchant portal,merchant_question,Cash logistics,Route E,Low,128,merchant question needs cash logistics review,watch
EVT0714,2026-04-24,DEV030,Field service queue,comms_alert,Field service,Route F,Medium,342,comms alert needs field service review,watch
EVT0715,2026-04-25,DEV031,Merchant portal,jam_clearance,Reporting analytics,Route G,Low,13,jam clearance needs reporting analytics review,open
EVT0716,2026-04-26,DEV032,Excel exception workbook,merchant_question,Field service,Route H,High,630,merchant question needs field service review,closed
EVT0717,2026-04-27,DEV033,Cash logistics file,cash_out_risk,Reporting analytics,Route A,Medium,276,cash out risk needs reporting analytics review,closed
EVT0718,2026-04-28,DEV034,Cash logistics file,route_service,Reporting analytics,Route B,Medium,696,route service needs reporting analytics review,watch
EVT0719,2026-04-29,DEV035,Merchant portal,route_service,Field service,Route C,Low,48,route service needs field service review,watch
EVT0720,2026-04-30,DEV036,Cash logistics file,jam_clearance,Cash logistics,Route D,Medium,490,jam clearance needs cash logistics review,closed
